Date,Price,Open,High,Low,Vol.,Change %
8/12/2025,99,99.85,99.45,98.5,26.50M,-0.85%
8/11/2025,99.85,100,99.85,99.85,3.71M,-0.15%
8/8/2025,100,99.95,100,99.5,13.62M,0.05%
8/7/2025,99.95,99.4,99.95,99.5,29.21M,0.55%
8/6/2025,99.4,99,100,96,15.13M,0.40%
8/5/2025,99,100,101.5,99,39.04M,-1.00%
8/4/2025,100,99.5,102,100,27.39M,0.50%
8/1/2025,99.5,100.5,102,99.5,26.28M,-1.00%
7/31/2025,100.5,102,102.05,100.5,24.03M,-1.42%
7/30/2025,101.95,98.15,101.95,98.15,30.26M,4.03%
7/29/2025,98,94.1,98.9,94.3,26.84M,4.14%
7/28/2025,94.1,94,95,94,15.61M,0.11%
7/25/2025,94,94.1,94.2,93.9,28.71M,-0.11%
7/24/2025,94.1,94,95,93.6,10.47M,0.11%
7/23/2025,94,93.8,94,93,12.18M,0.21%
7/22/2025,93.8,94.5,102,93.7,32.75M,-0.74%
7/21/2025,94.5,95.05,94.5,93.55,21.86M,-0.58%
7/18/2025,95.05,93.05,95.55,94.9,33.89M,2.15%
7/17/2025,93.05,102.1,102.1,93.05,19.27M,-7.87%
7/16/2025,101,97,103.2,97,48.13M,7.62%
7/14/2025,93.85,94.1,97.85,93.8,20.19M,-0.27%
7/11/2025,94.1,90.5,95,92.2,21.32M,3.98%
7/10/2025,90.5,88,91.95,89.15,21.99M,2.84%
7/9/2025,88,85.95,90,86.8,18.23M,2.39%
7/8/2025,85.95,84.5,85.95,84,33.76M,1.72%
7/7/2025,84.5,83.2,86.65,83.3,12.06M,1.56%
7/4/2025,83.2,82.75,84,82.8,18.51M,0.54%
7/3/2025,82.75,80.5,83.2,80.5,40.64M,3.44%
7/2/2025,80,80.25,80.4,80,8.39M,-0.31%
7/1/2025,80.25,81.25,80.5,80,5.74M,-1.23%
6/30/2025,81.25,82.5,81.45,80,11.96M,-1.52%
6/27/2025,82.5,83,82.75,82.1,15.78M,-0.60%
6/26/2025,83,83,83,82.8,23.05M,0.00%
6/25/2025,83,83.6,83.4,82.5,20.96M,-0.72%
6/24/2025,83.6,83.55,83.95,83.3,12.83M,0.06%
6/23/2025,83.55,84.95,84.95,82,13.33M,-1.65%
6/20/2025,84.95,79.75,84.95,79.75,21.06M,6.52%
6/19/2025,79.75,79,80,79,62.66M,0.95%
6/18/2025,79,75.65,79,76.2,11.21M,4.43%
6/17/2025,75.65,71.5,78.65,71.5,83.36M,5.80%
6/16/2025,71.5,71.5,71.5,67.1,40.46M,0.00%
6/13/2025,71.5,71,71.6,71,35.44M,0.70%
6/11/2025,71,71.2,71,70.7,16.83M,-0.28%
6/10/2025,71.2,70.05,71.5,70.05,47.25M,1.64%
6/5/2025,70.05,69.5,70.2,69.35,30.91M,0.79%
6/4/2025,69.5,68,69.5,68.05,87.20M,2.21%
6/3/2025,68,66.6,68.05,68,41.23M,2.10%
6/2/2025,66.6,67,67,66.6,6.60M,-0.60%
5/30/2025,67,69,68.1,66.95,20.23M,-2.90%
5/29/2025,69,69.5,69,68.7,5.75M,-0.72%
5/28/2025,69.5,69.8,70,69.5,29.51M,-0.43%
5/27/2025,69.8,68.5,69.8,69.55,22.51M,2.05%
5/26/2025,68.4,70,71,68,24.95M,-2.29%
5/23/2025,70,69,70,69.4,29.38M,1.45%
5/22/2025,69,69.75,69.9,69,20.51M,-1.08%
5/21/2025,69.75,69.3,71,69.75,8.62M,0.65%
5/20/2025,69.3,68.5,69.3,68.85,9.54M,1.17%
5/19/2025,68.5,68,68.5,68,32.44M,0.74%
5/16/2025,68,68.55,68.5,67.5,30.87M,-0.80%
5/15/2025,68.55,68.6,68.55,68.15,5.51M,-0.07%
5/14/2025,68.6,69.05,69.05,68.6,53.27M,-0.65%
5/13/2025,69.05,69,69.05,68.65,31.84M,0.07%
5/12/2025,69,69.05,69,69,3.34M,-0.07%
5/9/2025,69.05,68,69.05,68.2,51.28M,1.54%
5/8/2025,68,67.5,68,67.5,45.97M,0.74%
5/7/2025,67.5,65,67.8,66,98.64M,3.85%
5/6/2025,65,63.45,65,63.5,37.99M,2.44%
5/5/2025,63.45,64,63.85,63.45,87.18M,-0.86%
5/2/2025,64,65.4,65,63.25,31.87M,-2.14%
4/30/2025,65.4,67.8,67,61.1,11.64M,-3.54%
4/29/2025,67.8,67.5,68.3,67.5,28.51M,1.19%
4/28/2025,67,63,67.5,63.5,33.50M,6.35%
4/25/2025,63,61.1,63,61.4,60.74M,3.11%
4/24/2025,61.1,61,61.3,61,17.10M,0.16%
4/23/2025,61,60,61.05,60.5,47.00M,1.67%
4/22/2025,60,59,60,59.1,9.66M,1.69%
4/17/2025,59,59,59,58.75,12.01M,0.00%
4/16/2025,59,59.95,61,56.95,36.78M,-11.94%
4/15/2025,67,68,68.75,67,18.28M,-1.47%
4/14/2025,68,68,69.9,67.75,31.02M,0.00%
4/11/2025,68,66.5,68,67,25.68M,2.26%
4/10/2025,66.5,64.8,68.4,65.5,18.42M,2.62%
4/9/2025,64.8,66,66.05,64.8,62.88M,-1.74%
4/8/2025,65.95,65.5,66.75,65.95,51.56M,0.69%
4/7/2025,65.5,69.4,69.2,63.1,34.48M,-5.62%
4/4/2025,69.4,69.5,69.8,69.4,20.86M,-0.14%
4/3/2025,69.5,69.6,69.9,69.4,25.76M,-0.14%
4/2/2025,69.6,68.8,70,69.5,33.05M,1.16%
3/28/2025,68.8,64.25,70,63.1,67.85M,7.08%
3/27/2025,64.25,64.1,64.5,63.95,7.00M,0.23%
3/26/2025,64.1,62.85,66,62.85,7.24M,1.99%
3/25/2025,62.85,62,62.85,62.1,5.35M,1.37%
3/24/2025,62,58.2,62,61.2,6.76M,6.53%
3/21/2025,58.2,60,60.05,58.2,8.24M,-3.00%
3/20/2025,60,60,60.05,60,3.59M,0.00%
3/19/2025,60,60.5,60.4,60,11.67M,-0.83%
3/18/2025,60.5,60.65,60.65,60.5,13.47M,-0.25%
3/17/2025,60.65,61,61,60.5,3.95M,-0.57%
3/14/2025,61,60.5,61,61,16.88M,0.83%
3/13/2025,60.5,61.6,62,60,26.69M,-1.79%
3/12/2025,61.6,59.9,61.6,60,3.82M,2.84%
3/11/2025,59.9,59.6,60,59.8,28.07M,0.50%
3/10/2025,59.6,59.5,61,59.6,3.31M,0.17%
3/7/2025,59.5,59,60.85,59,15.85M,0.85%
3/6/2025,59,58.5,59.95,58,49.95M,0.85%
3/5/2025,58.5,59,58.5,57.35,7.26M,-0.85%
3/4/2025,59,60.25,59.95,57.2,13.87M,-2.07%
3/3/2025,60.25,61.2,60.25,60,1.62M,-1.55%
2/28/2025,61.2,61,61.2,60.55,7.36M,0.33%
2/27/2025,61,61,62,60.95,9.45M,0.00%
2/26/2025,61,62.5,62.5,61,3.96M,-2.40%
2/25/2025,62.5,63,62.8,62.5,11.61M,-0.79%
2/24/2025,63,63.05,63.5,62.9,17.88M,-0.08%
2/21/2025,63.05,62.4,63.05,62.3,4.19M,1.04%
2/20/2025,62.4,62.85,62.85,62.25,20.83M,-0.72%
2/19/2025,62.85,62.85,63,62.85,5.24M,0.00%
2/18/2025,62.85,63,63.05,62.5,4.46M,-0.24%
2/17/2025,63,63.45,63.5,63,7.78M,-0.71%
2/14/2025,63.45,63.5,63.5,63.2,6.48M,-0.08%
2/13/2025,63.5,63,64,63.05,5.24M,0.79%
2/12/2025,63,62.9,63.7,62.9,14.81M,0.16%
2/11/2025,62.9,63.05,63,62.8,14.08M,-0.24%
2/10/2025,63.05,64,63.35,63.05,3.06M,-1.48%
2/7/2025,64,64,64,64,5.75M,0.00%
2/6/2025,64,64,64.15,64,8.76M,0.00%
2/5/2025,64,62,64.5,63,7.82M,3.23%
2/4/2025,62,61.05,62,61,20.22M,1.56%
2/3/2025,61.05,61.05,61.05,61,5.63M,0.00%
1/31/2025,61.05,62.3,62.3,61.05,32.73M,-2.01%
1/30/2025,62.3,62.35,62.3,62.1,16.23M,-0.08%
1/29/2025,62.35,62.4,62.35,62.15,10.33M,-0.08%
1/28/2025,62.4,62.35,62.4,62,4.68M,0.08%
1/27/2025,62.35,61.25,64,61.4,20.14M,1.80%
1/24/2025,61.25,61,61.25,60,6.74M,0.41%
1/23/2025,61,60,61.2,60,42.14M,1.67%
1/22/2025,60,59,60,59,6.24M,1.69%
1/21/2025,59,58,59,58.2,4.01M,1.72%
1/20/2025,58,58,58,58,7.10M,0.00%
1/17/2025,58,58,58,58,3.90M,0.00%
1/16/2025,58,57.35,58.5,58,65.05M,1.13%
1/15/2025,57.35,57.95,57.35,57.35,1.57M,-1.04%
1/14/2025,57.95,58,58,57.95,54.35M,-0.09%
1/13/2025,58,58,58.75,57.4,24.38M,0.00%
1/10/2025,58,57,58,56.7,5.15M,1.75%
1/9/2025,57,57,57,57,4.28M,0.00%
1/8/2025,57,57,57,56.8,5.91M,0.00%
1/7/2025,57,56.2,57,56.2,20.57M,1.42%
1/6/2025,56.2,57,57,56.2,53.96M,-1.40%
1/3/2025,57,57,57,57,2.91M,0.00%
1/2/2025,57,57,57,57,1.45M,0.00%
12/31/2024,57,57,57,57,10.98M,0.00%
12/30/2024,57,57,57,55.05,54.68M,0.00%
12/27/2024,57,57.95,58,57,22.88M,-1.64%
12/24/2024,57.95,58.75,58.5,57,17.42M,-1.36%
12/23/2024,58.75,57,58.75,57,39.38M,3.07%
12/20/2024,57,54,57.5,54,23.51M,5.56%
12/19/2024,54,52.95,54,52.95,20.41M,1.98%
12/18/2024,52.95,52.5,52.95,52.05,11.13M,0.86%
12/17/2024,52.5,52,52.5,52,8.20M,0.96%
12/16/2024,52,52.95,53,52,8.33M,-1.79%
12/13/2024,52.95,53,53,52.1,5.61M,-0.09%
12/12/2024,53,53,53,53,2.18M,0.00%
12/11/2024,53,53,53,52.8,5.81M,0.00%
12/10/2024,53,53.2,53.05,53,4.56M,-0.38%
12/9/2024,53.2,53.2,54,52.55,24.49M,0.00%
12/6/2024,53.2,53,53.2,53,12.69M,0.85%
12/5/2024,52.75,52.65,52.9,52.65,40.18M,0.19%
12/4/2024,52.65,52.5,52.65,52.5,26.03M,0.29%
12/3/2024,52.5,52.5,53,52.5,18.16M,0.00%
12/2/2024,52.5,52.95,52.5,51.4,20.92M,-0.85%
11/29/2024,52.95,53,52.95,51.7,3.53M,-0.09%
11/28/2024,53,53,53,53,4.03M,0.00%
11/27/2024,53,53,53,52.5,28.75M,0.00%
11/26/2024,53,52.75,53,53,7.27M,0.47%
11/25/2024,52.75,54.6,54.5,52.75,4.34M,-3.39%
11/22/2024,54.6,54.6,54.65,54.5,4.33M,0.00%
11/21/2024,54.6,56,55,54.5,4.66M,-2.50%
11/20/2024,56,56,56,55.55,3.38M,0.00%
11/19/2024,56,55.35,56,55.5,13.49M,1.17%
11/18/2024,55.35,56,56.5,55.35,3.16M,-1.16%
11/15/2024,56,54.5,56,54,12.17M,2.75%
11/14/2024,54.5,54.2,54.5,54.3,7.42M,0.55%
11/13/2024,54.2,53.65,54.8,53.8,14.73M,1.03%
11/12/2024,53.65,53.6,53.7,53.6,15.69M,0.09%
11/11/2024,53.6,53.6,53.6,53.1,11.59M,0.00%
11/8/2024,53.6,53.5,53.6,50,22.46M,0.19%
11/7/2024,53.5,54.05,54.35,53.5,12.96M,-1.02%
11/6/2024,54.05,55.1,54.95,54.05,2.77M,-1.91%
11/5/2024,55.1,55.1,55.1,54.1,20.06M,0.00%
11/4/2024,55.1,55.3,56,54,21.48M,-0.36%
11/1/2024,55.3,53.7,57,53.9,22.47M,2.98%
10/31/2024,53.7,53.3,53.7,53.3,7.73M,0.75%
10/30/2024,53.3,50.6,53.3,52.5,11.62M,5.34%
10/29/2024,50.6,50.9,51,50.55,7.13M,-0.59%
10/28/2024,50.9,52,51.5,50.9,2.15M,-2.12%
10/25/2024,52,53,53,52,4.99M,-1.89%
10/24/2024,53,52.5,53,52.05,24.20M,0.95%
10/23/2024,52.5,52.5,52.5,51.3,4.53M,0.00%
10/22/2024,52.5,51,52.5,51.35,4.72M,2.94%
10/21/2024,51,50,54.5,50.2,9.03M,2.00%
10/18/2024,50,50,50,49.7,9.75M,0.00%
10/17/2024,50,52,52,50,19.63M,-3.85%
10/16/2024,52,51.5,52,51,16.74M,0.97%
10/15/2024,51.5,49.9,51.5,49.5,5.73M,3.21%
10/14/2024,49.9,49,49.9,48,4.33M,1.84%
10/11/2024,49,47.95,50.05,47.65,10.19M,2.19%
10/10/2024,47.95,47.2,47.95,47.25,2.75M,1.59%
10/9/2024,47.2,47.2,47.75,46.6,10.30M,0.00%
10/8/2024,47.2,49,48.5,47.15,8.81M,-3.67%
10/7/2024,49,49.1,49.1,46.4,16.03M,-0.20%
10/4/2024,49.1,48.7,49.1,49.1,2.77M,0.82%
10/3/2024,48.7,47.85,48.7,48.05,3.99M,1.78%
10/2/2024,47.85,48,48,47.85,4.60M,-0.31%
9/30/2024,48,47.4,48,47.4,2.88M,1.27%
9/27/2024,47.4,46.5,47.4,46.5,7.06M,1.94%
9/26/2024,46.5,46.35,46.65,46.3,10.24M,-1.80%
9/25/2024,47.35,46.95,47.4,47,8.44M,0.85%
9/24/2024,46.95,46.9,47.05,46.95,4.90M,0.11%
9/23/2024,46.9,47.5,47.1,46.55,5.10M,-1.26%
9/20/2024,47.5,46.25,47.5,46,7.05M,2.70%
9/19/2024,46.25,46.4,46.25,46,14.76M,-0.32%
9/18/2024,46.4,46.9,46.65,46.3,5.25M,-1.07%
9/17/2024,46.9,46,46.9,46.4,1.60M,1.96%
9/13/2024,46,45.65,46.15,45.6,11.36M,0.77%
9/12/2024,45.65,46.5,47.5,45.4,7.73M,0.44%
9/11/2024,45.45,45.5,45.6,45.4,12.55M,-0.11%
9/10/2024,45.5,45.4,45.75,45.3,18.92M,0.22%
9/9/2024,45.4,45.4,45.5,45.3,33.92M,0.00%
9/6/2024,45.4,45.5,45.45,45.3,15.52M,-0.22%
9/5/2024,45.5,45.8,45.6,45.3,28.45M,-0.66%
9/4/2024,45.8,46,45.9,45.5,21.95M,-0.43%
9/3/2024,46,45.6,46,45.6,17.22M,0.88%
9/2/2024,45.6,45.5,45.65,45.5,12.13M,0.22%
8/30/2024,45.5,45.9,45.8,45.5,26.28M,-0.87%
8/29/2024,45.9,45.8,45.9,45.8,15.24M,0.22%
8/28/2024,45.8,45.65,45.8,45.6,6.63M,0.33%
8/27/2024,45.65,45.5,45.8,45.5,13.12M,0.33%
8/26/2024,45.5,45.6,45.5,45.3,8.74M,-0.22%
8/23/2024,45.6,45.55,45.65,45.55,11.26M,0.11%
8/22/2024,45.55,45.5,45.65,45.55,2.67M,0.11%
8/21/2024,45.5,45.8,45.85,45.5,45.75M,-0.66%
8/20/2024,45.8,45.8,45.9,45.5,20.27M,0.00%
8/19/2024,45.8,46,46.25,45.8,59.25M,-0.43%
8/16/2024,46,45.55,46,45.75,90.89M,0.99%
8/15/2024,45.55,45.5,45.55,45.2,15.94M,0.11%
8/14/2024,45.5,45.6,45.55,45.5,36.33M,-0.22%
8/13/2024,45.6,45.6,45.6,45.05,72.00M,0.00%
8/12/2024,45.6,45.9,45.9,45,123.92M,-0.65%
8/9/2024,45.9,46,46.05,45.9,22.27M,-0.22%
8/8/2024,46,45,46.5,45.8,109.92M,2.22%
8/7/2024,45,44.35,45,44.5,74.34M,1.47%
8/6/2024,44.35,45,44.8,44.35,4.58M,-1.44%
8/5/2024,45,45,45,44.3,4.90M,0.00%
8/2/2024,45,44,45,44.8,3.35M,2.27%
8/1/2024,44,44,44.1,44,14.87M,0.00%
7/31/2024,44,43.95,44,43.95,9.68M,0.11%
7/30/2024,43.95,44,44,43.65,7.68M,-0.11%
7/29/2024,44,44,44.1,43.6,20.99M,0.00%
7/26/2024,44,44.75,44,43.5,28.42M,-1.68%
7/25/2024,44.75,45,45,43.2,27.05M,-0.56%
7/24/2024,45,45.05,45.05,45,21.09M,-0.11%
7/23/2024,45.05,45,45.05,45,4.48M,0.11%
7/22/2024,45,44.95,45.25,45,8.19M,0.11%
7/19/2024,44.95,45.3,45.25,44,37.55M,-0.77%
7/18/2024,45.3,45.5,45.5,43,39.75M,-0.44%
7/17/2024,45.5,45.6,45.6,45.5,4.18M,-0.22%
7/16/2024,45.6,45.6,45.8,45.1,29.16M,0.00%
7/15/2024,45.6,45.5,46.9,45.5,66.90M,0.22%
7/12/2024,45.5,45.2,45.65,45.35,42.69M,0.66%
7/11/2024,45.2,45.1,45.2,45.2,5.75M,0.22%
7/10/2024,45.1,45.05,45.15,45,14.49M,-0.88%
7/9/2024,45.5,46.95,46.95,45.3,23.60M,-4.21%
7/8/2024,47.5,47.35,47.65,47.2,40.84M,0.32%
7/5/2024,47.35,47.2,47.35,47.2,13.17M,0.32%
7/4/2024,47.2,47.2,47.3,47,59.43M,0.00%
7/3/2024,47.2,46,47.2,46,9.33M,2.61%
7/2/2024,46,45.15,46,45.15,13.23M,1.88%
7/1/2024,45.15,45,45.45,45,6.96M,0.33%
6/28/2024,45,44.55,45,44.6,9.16M,1.01%
6/27/2024,44.55,44,44.55,44,66.05M,1.25%
6/26/2024,44,43.6,44,43.6,13.85M,0.92%
6/25/2024,43.6,43.5,43.6,43.05,37.85M,0.23%
6/24/2024,43.5,44,43.5,43.25,9.16M,-1.14%
6/21/2024,44,44.9,44.55,44,58.55M,-2.00%
6/20/2024,44.9,43,44.9,43,11.30M,4.42%
6/19/2024,43,42.2,43.05,43,5.88M,1.90%
6/14/2024,42.2,42.05,42.25,41,15.14M,0.36%
6/13/2024,42.05,41.05,42.45,41.8,46.86M,2.44%
6/11/2024,41.05,40,41.95,39.95,33.82M,2.62%
6/10/2024,40,39.95,40.05,40,12.18M,0.13%
6/7/2024,39.95,40,40,39.95,13.19M,-0.12%
6/6/2024,40,40,40,40,15.84M,0.00%
6/5/2024,40,40,40,39.95,10.77M,0.00%
6/4/2024,40,40,40,40,8.76M,0.00%
6/3/2024,40,40,40,39,47.63M,0.00%
5/31/2024,40,39.8,40.25,39.9,24.16M,0.50%
5/30/2024,39.8,39,39.95,39,14.41M,2.05%
5/29/2024,39,38,39.4,38.5,12.14M,2.63%
5/28/2024,38,37.75,38,37.75,5.48M,0.66%
5/27/2024,37.75,37.3,37.95,37.35,5.59M,1.21%
5/24/2024,37.3,37,37.3,37,7.09M,0.81%
5/23/2024,37,38,38,37,38.54M,-2.63%
5/22/2024,38,39.4,39.35,38,35.01M,-3.55%
5/21/2024,39.4,39.35,40,39.3,40.64M,0.13%
5/20/2024,39.35,39.9,39.35,37.5,3.57M,-1.38%
5/17/2024,39.9,40,39.9,39.5,13.77M,-0.25%
5/16/2024,40,41.95,41.95,39.95,22.93M,-5.33%
5/15/2024,42.25,42.25,42.55,42.15,71.87M,0.00%
5/14/2024,42.25,42.2,42.25,42.05,32.25M,0.12%
5/13/2024,42.2,41.45,42.2,41,26.27M,1.81%
5/10/2024,41.45,40,41.45,40,11.44M,3.63%
5/9/2024,40,38,41.7,39.9,47.63M,5.26%
5/8/2024,38,38.55,38.7,38,25.21M,-1.43%
5/7/2024,38.55,41,41.5,38.15,8.94M,-5.98%
5/6/2024,41,41.75,41.9,40.3,35.91M,7.61%
5/3/2024,38.1,35,38.5,37.6,6.23M,8.86%
5/2/2024,35,32.7,35,33.5,4.12M,7.03%
4/30/2024,32.7,32.7,32.85,32.35,245.46M,0.00%
4/29/2024,32.7,32.8,32.8,32.4,12.37M,-7.89%
4/26/2024,35.5,35.95,36,35.5,16.55M,-1.25%
4/25/2024,35.95,36,36,35.95,4.80M,-0.14%
4/24/2024,36,35.75,36.5,36,81.41M,0.70%
4/23/2024,35.75,36.7,38.45,35.75,8.14M,-2.59%
4/22/2024,36.7,33.5,36.7,35,50.16M,9.55%
4/19/2024,33.5,34.35,35,33.5,38.30M,-2.47%
4/18/2024,34.35,35.75,36,34.35,32.79M,-3.92%
4/17/2024,35.75,36.8,36.5,35.7,13.69M,-2.85%
4/16/2024,36.8,38.2,37.3,36.2,47.38M,-3.66%
4/15/2024,38.2,41.4,39.1,38.2,14.29M,-7.73%
4/12/2024,41.4,46,45.4,41.4,98.76M,-10.00%
4/8/2024,46,48,48,45.85,33.44M,-4.17%
4/5/2024,48,49,48.55,47.5,58.45M,-2.04%
4/4/2024,49,52.4,51,49,54.36M,-6.49%
4/3/2024,52.4,53.05,53.2,52.4,29.70M,-1.23%
4/2/2024,53.05,52.5,53.95,49.7,84.65M,1.05%
3/28/2024,52.5,52,52.5,51,78.68M,0.96%
3/27/2024,52,49.2,52.5,49,49.53M,5.69%
3/26/2024,49.2,48.3,49.2,48,67.15M,1.86%
3/25/2024,48.3,48.75,48.5,47.2,13.30M,-0.92%
3/22/2024,48.75,47.2,49.5,48,64.13M,3.28%
3/21/2024,47.2,45.85,48,45.85,19.04M,2.94%
3/20/2024,45.85,45.85,45.9,45.5,9.30M,0.00%
3/19/2024,45.85,46.65,46.65,45.85,8.22M,-1.71%
3/18/2024,46.65,48.45,47,45.5,35.35M,-3.72%
3/15/2024,48.45,44.05,48.45,44,13.75M,9.99%
3/14/2024,44.05,44.4,44.1,44,13.86M,-0.79%
3/13/2024,44.4,43,44.5,43,26.44M,3.26%
3/12/2024,43,41.2,43.9,41.2,39.03M,2.63%
3/11/2024,41.9,41.1,42,41.5,96.63M,1.95%
3/8/2024,41.1,40.7,41.1,40,18.04M,0.98%
3/7/2024,40.7,41.35,41,40.7,6.55M,-1.57%
3/6/2024,41.35,41.7,41.7,41.3,37.47M,-0.84%
3/5/2024,41.7,41.5,41.7,41.3,11.83M,0.48%
3/4/2024,41.5,41.7,41.5,41.15,3.11M,-0.48%
3/1/2024,41.7,39.75,43.2,39.6,20.49M,5.30%
2/29/2024,39.6,36,39.6,36,8.63M,10.00%
2/28/2024,36,39.45,36.95,36,9.51M,-8.75%
2/27/2024,39.45,39.5,39.45,38.1,7.87M,-0.13%
2/26/2024,39.5,39.05,39.5,39.5,8.25M,1.15%
2/23/2024,39.05,39.5,40,38.8,53.04M,-1.14%
2/22/2024,39.5,38.55,39.5,38.8,9.55M,2.46%
2/21/2024,38.55,38.85,38.9,38.55,17.18M,-0.77%
2/20/2024,38.85,39,39.5,38.6,13.80M,-0.38%
2/19/2024,39,39,39.6,39,28.83M,0.00%
2/16/2024,39,39.05,39.8,38.85,27.58M,-0.13%
2/15/2024,39.05,39.2,39.25,39.05,56.61M,-0.38%
2/14/2024,39.2,39.45,39.45,39,12.30M,-0.63%
2/13/2024,39.45,39.85,39.7,39.45,8.60M,-1.00%
2/12/2024,39.85,40,39.95,37,21.17M,-0.38%
2/9/2024,40,39.95,41.15,39.55,11.80M,0.13%
2/8/2024,39.95,39.2,39.95,37.2,18.55M,1.91%
2/7/2024,39.2,39.9,40,39,26.02M,-1.75%
2/6/2024,39.9,40.5,40.05,39.05,32.95M,-1.48%
2/5/2024,40.5,41.55,44.15,40.05,14.17M,-2.53%
2/2/2024,41.55,40.7,42,41,80.61M,2.09%
2/1/2024,40.7,37,40.7,36.15,32.37M,10.00%
1/31/2024,37,41,40.75,36.9,47.91M,-9.76%
1/30/2024,41,43.75,43,40.1,18.90M,-6.29%
1/29/2024,43.75,43.95,45.95,43.45,33.34M,-0.46%
1/26/2024,43.95,43.8,44,43.5,24.65M,0.34%
1/25/2024,43.8,42.75,44,42,22.20M,2.46%
1/24/2024,42.75,42.55,42.75,42.3,8.76M,0.47%
1/23/2024,42.55,44.1,43,41.05,20.01M,-3.51%
1/22/2024,44.1,44.1,44.45,44,9.99M,0.00%
1/19/2024,44.1,45.5,45.5,44.1,12.10M,-3.08%
1/18/2024,45.5,46.5,46.25,45,63.44M,-2.15%
1/17/2024,46.5,47.35,47.35,46.45,7.80M,-1.80%
1/16/2024,47.35,46.35,47.5,46.5,6.49M,2.16%
1/15/2024,46.35,46.3,46.35,46,6.36M,0.11%
1/12/2024,46.3,45,46.45,45.1,10.03M,2.89%
1/11/2024,45,44,46,42.65,13.83M,2.27%
1/10/2024,44,48.2,48.8,43.55,70.50M,-8.71%
1/9/2024,48.2,44,48.4,43.5,45.13M,9.55%
1/8/2024,44,42.5,44,42.7,5.23M,3.53%
1/5/2024,42.5,42,43.35,42,30.51M,1.19%
1/4/2024,42,41.5,42.15,41.05,12.14M,1.20%
1/3/2024,41.5,40.1,41.75,40.4,9.40M,3.49%
1/2/2024,40.1,40.5,41,40.1,14.84M,-0.99%
12/29/2023,40.5,40.05,41.4,40,12.00M,1.12%
12/28/2023,40.05,40.25,40.5,40.05,7.25M,-0.50%
12/27/2023,40.25,40.5,40.5,40,20.47M,0.50%
12/22/2023,40.05,40,40.1,40,20.71M,0.12%
12/21/2023,40,40,40.15,40,43.59M,0.00%
12/20/2023,40,39.7,40.1,39.95,89.45M,0.76%
12/19/2023,39.7,39.6,39.75,39.6,22.76M,0.25%
12/18/2023,39.6,39.9,39.65,39.6,10.96M,-0.75%
12/15/2023,39.9,39.9,39.9,39.6,51.08M,0.00%
12/14/2023,39.9,39.9,39.95,39.75,18.78M,0.00%
12/13/2023,39.9,39.5,39.9,39.5,49.43M,1.01%
12/12/2023,39.5,39.25,39.5,39.2,21.59M,0.64%
12/11/2023,39.25,39.1,39.5,39,9.99M,0.38%
12/8/2023,39.1,39,39.2,39.05,19.68M,0.26%
12/7/2023,39,39.7,39.5,39,21.21M,-1.76%
12/6/2023,39.7,39.5,40,39.55,76.70M,0.51%
12/5/2023,39.5,39.2,39.5,39.2,23.00M,0.77%
12/4/2023,39.2,39.1,39.5,39.1,23.37M,0.26%
12/1/2023,39.1,39,39.1,39,6.78M,0.26%
11/30/2023,39,38.45,39.1,38.45,67.23M,1.43%
11/29/2023,38.45,38.5,38.5,38.45,56.91M,-0.13%
11/28/2023,38.5,38.85,38.8,38.5,8.76M,-0.90%
11/27/2023,38.85,39.05,39.1,38.8,6.01M,-0.38%
11/24/2023,39,38.95,39.1,38.95,3.54M,0.13%
11/23/2023,38.95,38.2,38.95,38.15,4.63M,1.96%
11/22/2023,38.2,37.3,38.25,37.5,33.87M,2.41%
11/21/2023,37.3,37.1,37.3,37.15,3.64M,0.54%
11/20/2023,37.1,37,37.2,37,7.36M,0.27%
11/17/2023,37,37,37,37,35.33M,0.00%
11/16/2023,37,37,37.1,37,18.09M,0.00%
11/15/2023,37,36.3,37.2,36.5,10.47M,1.93%
11/14/2023,36.3,36,36.35,36.3,2.11M,0.83%
11/13/2023,36,35.7,36,35.7,12.67M,0.84%
11/10/2023,35.7,35.9,35.95,35.7,24.29M,-0.56%
11/9/2023,35.9,35.7,35.9,35.4,14.67M,0.56%
11/8/2023,35.7,35.6,35.7,35.45,10.79M,0.28%
11/7/2023,35.6,35.3,35.6,35.4,13.41M,0.85%
11/6/2023,35.3,35.15,35.3,35.15,9.13M,0.43%
11/3/2023,35.15,35,35.15,35.1,29.88M,0.43%
11/2/2023,35,35.4,35.45,35,11.57M,-1.13%
11/1/2023,35.4,34.8,35.4,34.95,45.75M,1.72%
10/31/2023,34.8,35.35,35.45,34.6,18.03M,-1.56%
10/30/2023,35.35,35.35,35.4,35.3,18.27M,0.00%
10/27/2023,35.35,35,35.35,35.05,5.84M,1.00%
10/26/2023,35,35.55,35.5,35,13.61M,-1.55%
10/25/2023,35.55,36,36,35.25,20.63M,-1.25%
10/24/2023,36,35.2,36,35.2,42.04M,2.27%
10/23/2023,35.2,35.5,35.8,35.05,27.30M,-0.85%
10/20/2023,35.5,35.7,35.8,35.4,10.24M,-0.56%
10/19/2023,35.7,35.45,35.75,35.6,11.82M,0.71%
10/18/2023,35.45,35.2,35.5,35.3,23.42M,0.71%
10/17/2023,35.2,34.8,35.25,35,14.92M,1.15%
10/16/2023,34.8,34.7,34.95,34.8,1.97M,0.29%
10/13/2023,34.7,34.7,34.7,34.45,33.16M,0.00%
10/12/2023,34.7,35,35,34.65,11.74M,-0.86%
10/11/2023,35,35.65,35.65,34.65,10.15M,-1.82%
10/10/2023,35.65,35.9,35.75,35.65,6.79M,-0.70%
10/9/2023,35.9,36.05,35.9,35.8,6.74M,-0.42%
10/6/2023,36.05,36,36.1,35.7,16.75M,0.14%
10/5/2023,36,36,36,35.7,7.84M,0.00%
10/4/2023,36,35.2,36.2,35.35,24.63M,2.27%
10/3/2023,35.2,34.45,35.45,34.45,21.44M,2.18%
9/29/2023,34.45,34.5,34.5,34.4,10.98M,-0.14%
9/28/2023,34.5,34.75,35,34.5,9.35M,-0.72%
9/26/2023,34.75,35.8,35.5,34.75,14.18M,-2.93%
9/25/2023,35.8,35.95,36,35,9.03M,-0.42%
9/22/2023,35.95,36,36,35.8,10.51M,-0.14%
9/21/2023,36,35.6,36,35.6,7.29M,1.12%
9/20/2023,35.6,35.4,36.1,35.5,3.04M,0.56%
9/19/2023,35.4,35.25,35.4,35.4,11.44M,0.43%
9/18/2023,35.25,35.2,35.35,35.2,12.87M,0.14%
9/15/2023,35.2,35.5,35.7,34.35,26.39M,-2.22%
9/14/2023,36,37.1,36.25,36,11.64M,-2.96%
9/13/2023,37.1,35,38,36,20.24M,6.00%
9/12/2023,35,35.5,35.85,31.95,39.71M,-1.41%
9/11/2023,35.5,38.85,38.85,35.5,23.93M,-8.62%
9/8/2023,38.85,39,39,38.85,2.59M,-0.38%
9/7/2023,39,38.8,39,38.85,4.84M,0.52%
9/6/2023,38.8,39.5,39.85,37.5,11.21M,-1.77%
9/5/2023,39.5,40.5,40.5,39,38.65M,-2.47%
9/4/2023,40.5,41.8,41.8,38.3,54.80M,6.58%
9/1/2023,38,36.7,38,36.5,8.22M,3.54%
8/31/2023,36.7,36.3,36.7,36.1,5.67M,1.10%
8/30/2023,36.3,36.65,36.3,36.15,12.52M,-0.95%
8/29/2023,36.65,36,36.65,35.7,13.41M,1.81%
8/28/2023,36,36.1,36,35.5,2.64M,-0.28%
8/25/2023,36.1,36,36.1,35.85,4.22M,0.28%
8/24/2023,36,35.8,36.4,35.95,42.82M,0.56%
8/23/2023,35.8,36.45,36,35.6,3.53M,-1.78%
8/22/2023,36.45,36.5,36.5,36,7.62M,-0.14%
8/21/2023,36.5,36.45,36.5,36.35,15.44M,0.14%
8/18/2023,36.45,37.1,37,35.2,29.70M,-1.75%
8/17/2023,37.1,37.2,37.2,36.9,12.86M,-0.27%
8/16/2023,37.2,37.4,37.2,37.15,41.75M,-0.53%
8/15/2023,37.4,37.6,37.4,36.5,7.79M,-0.53%
8/14/2023,37.6,37.9,37.75,37.2,15.57M,-0.79%
8/11/2023,37.9,38,38.05,37.9,17.78M,-0.26%
8/10/2023,38,37.5,38,37.45,5.51M,1.33%
8/9/2023,37.5,37.5,37.5,37.2,3.91M,0.00%
8/8/2023,37.5,37,37.5,37,8.89M,1.35%
8/7/2023,37,36.4,37,36.35,5.05M,1.65%
8/4/2023,36.4,36.3,36.5,36,14.57M,0.28%
8/3/2023,36.3,35.5,36.5,35.5,11.76M,2.25%
8/2/2023,35.5,35.5,35.9,35.45,7.80M,0.00%
8/1/2023,35.5,36.65,36.1,35.4,17.15M,-3.14%
7/31/2023,36.65,37.05,37.1,36.5,12.77M,-1.08%
7/28/2023,37.05,37.5,37.6,36,7.05M,-1.20%
7/27/2023,37.5,38.7,37.5,36.7,3.45M,-3.10%
7/26/2023,38.7,38.7,38.9,38.5,22.78M,0.00%
7/25/2023,38.7,38.5,38.8,35,45.09M,0.52%
7/24/2023,38.5,38.3,38.6,36.2,20.62M,0.00%
7/21/2023,38.5,35,38.5,35.2,65.34M,10.00%
7/20/2023,35,34.8,35,34.4,19.22M,0.57%
7/19/2023,34.8,34.5,34.85,34.3,13.59M,0.87%
7/18/2023,34.5,34,34.5,34,5.21M,1.47%
7/17/2023,34,33.7,34,30.35,12.05M,0.89%
7/14/2023,33.7,34,33.9,32.05,26.00M,-0.88%
7/13/2023,34,36,35.75,33.95,51.24M,-5.56%
7/12/2023,36,35.9,36,33.7,19.47M,0.28%
7/11/2023,35.9,36,36,35.6,30.44M,-0.28%
7/10/2023,36,36.7,37.5,35.5,40.94M,-1.91%
7/7/2023,36.7,35.95,36.85,35.8,24.93M,2.09%
7/6/2023,35.95,36,36.05,35.6,14.59M,-0.14%
7/5/2023,36,35.1,36.1,35,24.39M,2.56%
7/4/2023,35.1,36.5,36.5,35,43.79M,-3.84%
7/3/2023,36.5,35,36.9,35,41.81M,4.29%
6/30/2023,35,34.4,35.15,34.5,77.03M,1.74%
6/27/2023,34.4,32.7,34.5,32.55,78.99M,5.20%
6/26/2023,32.7,31.45,32.7,31.9,44.83M,3.97%
6/23/2023,31.45,31.5,31.5,31.2,49.51M,-0.16%
6/22/2023,31.5,32,32,31.05,34.60M,-1.56%
6/21/2023,32,32.3,32.3,32,44.86M,-0.93%
6/20/2023,32.3,32.05,32.35,32,65.40M,0.78%
6/19/2023,32.05,30.6,32.4,30.6,83.80M,4.74%
6/16/2023,30.6,31.85,31.5,30.5,29.36M,-3.92%
6/15/2023,31.85,33.5,35.5,31.85,99.85M,-5.49%
6/14/2023,33.7,30.9,33.85,30.85,125.47M,9.42%
6/13/2023,30.8,28.25,30.8,28.25,208.06M,10.00%
6/9/2023,28,27.9,28,27.9,16.68M,0.36%
6/8/2023,27.9,27.8,28,27.7,16.27M,0.36%
6/7/2023,27.8,27.85,27.95,27.8,43.03M,-0.18%
6/6/2023,27.85,28.1,28.2,27.6,30.22M,-0.89%
6/5/2023,28.1,28.35,28.9,28.1,7.76M,-0.88%
6/2/2023,28.35,29,28.75,28.3,13.98M,-2.24%
6/1/2023,29,28.7,29.2,28.65,34.36M,1.05%
5/31/2023,28.7,29.4,29.55,27.6,39.60M,-2.38%
5/30/2023,29.4,27.6,29.45,27.55,76.38M,6.91%
5/26/2023,27.5,27,27.5,27,41.04M,2.23%
5/25/2023,26.9,27.3,27.25,26.8,30.99M,-1.47%
5/24/2023,27.3,27.7,27.65,26.75,31.03M,-1.44%
5/23/2023,27.7,27.15,27.75,27.2,31.71M,2.03%
5/22/2023,27.15,26.6,27.15,26.3,20.12M,2.07%
5/19/2023,26.6,26.2,26.6,26,28.97M,1.53%
5/18/2023,26.2,26.15,26.35,26,51.12M,0.19%
5/17/2023,26.15,25.1,26.7,25.15,59.99M,4.18%
5/16/2023,25.1,24.1,25.3,24.25,29.22M,4.15%
5/15/2023,24.1,24.25,24.25,23.95,17.63M,-0.62%
5/12/2023,24.25,24,24.25,23.85,15.88M,1.04%
5/11/2023,24,24.6,24.6,23.55,30.39M,-2.44%
5/10/2023,24.6,24.6,24.9,24.5,17.93M,0.00%
5/9/2023,24.6,24.5,24.6,24.45,12.61M,0.41%
5/8/2023,24.5,24.05,24.5,24.05,8.41M,1.87%
5/5/2023,24.05,24,24.05,23.95,18.76M,0.21%
5/4/2023,24,23.05,24,23.3,22.21M,4.12%
5/3/2023,23.05,22.75,23.95,22.75,15.88M,1.32%
5/2/2023,22.75,22.05,22.75,22.05,15.26M,-8.45%
4/28/2023,24.85,24.9,25,24.85,28.73M,-0.20%
4/27/2023,24.9,25,25,24.85,15.06M,-0.40%
4/26/2023,25,25,25.1,24.9,13.95M,0.00%
4/25/2023,25,25,25,24.95,16.94M,0.00%
4/20/2023,25,25.15,25.2,24.95,9.39M,-0.60%
4/19/2023,25.15,25.15,25.25,25.05,15.09M,0.00%
4/18/2023,25.15,25,25.15,24.95,11.78M,0.60%
4/17/2023,25,24.4,25,24.6,7.31M,2.46%
4/14/2023,24.4,24.35,24.5,24.35,6.45M,0.21%
4/13/2023,24.35,24.3,24.35,24.3,3.74M,0.21%
4/12/2023,24.3,24.3,24.3,24.3,5.63M,0.00%
4/11/2023,24.3,24.4,24.35,24.2,4.98M,-0.41%
4/6/2023,24.4,24.7,24.55,24.35,5.63M,-1.21%
4/5/2023,24.7,24.6,24.7,24.55,3.70M,0.41%
4/4/2023,24.6,25.4,25.4,24.6,13.57M,-3.15%
4/3/2023,25.4,25.5,25.5,25.35,10.43M,-0.39%
3/31/2023,25.5,25.55,25.6,25.5,5.25M,-0.20%
3/30/2023,25.55,25.2,25.6,25.15,6.30M,1.39%
3/29/2023,25.2,24.95,25.2,24.85,22.07M,1.61%
3/28/2023,24.8,24.8,24.85,24.8,11.74M,0.00%
3/27/2023,24.8,24.9,24.9,24.8,12.84M,-0.40%
3/24/2023,24.9,25.15,25.1,24.9,14.89M,-0.99%
3/23/2023,25.15,25.2,25.15,25.05,4.15M,-0.20%
3/22/2023,25.2,24.6,25.2,24.6,13.55M,2.44%
3/21/2023,24.6,24.7,24.75,24.55,10.47M,-0.40%
3/20/2023,24.7,24.6,25.2,24.7,4.89M,0.41%
3/17/2023,24.6,24.7,24.7,24.5,8.25M,-0.40%
3/16/2023,24.7,25,24.7,23.65,2.69M,-1.20%
3/15/2023,25,25.2,25.2,24,33.85M,-0.79%
3/14/2023,25.2,26,25.8,25.1,10.85M,-3.08%
3/13/2023,26,26.5,26.4,26,4.29M,-1.89%
3/10/2023,26.5,26.55,26.75,26.5,3.75M,-0.19%
3/9/2023,26.55,26.4,26.7,26.4,41.40M,0.57%
3/8/2023,26.4,26.2,26.4,26.2,12.75M,0.76%
3/7/2023,26.2,26.3,26.5,26.15,11.87M,-0.38%
3/6/2023,26.3,26.5,26.5,26.3,9.40M,-0.75%
3/3/2023,26.5,26.7,26.7,26,8.01M,-0.75%
3/2/2023,26.7,26.9,26.9,26.3,13.06M,-0.74%
3/1/2023,26.9,26.65,27.05,26.7,46.63M,0.94%
2/28/2023,26.65,26,26.85,25.95,10.37M,2.50%
2/27/2023,26,25.5,26,25.5,7.37M,1.96%
2/24/2023,25.5,25.25,25.5,25.25,14.14M,0.79%
2/23/2023,25.3,25.2,25.4,25.2,8.62M,0.40%
2/22/2023,25.2,25,25.2,25.05,12.39M,0.80%
2/21/2023,25,25.1,25.1,25,31.07M,-0.40%
2/20/2023,25.1,25.15,25.25,25.1,36.68M,-0.20%
2/17/2023,25.15,25.2,25.2,25.15,8.74M,-0.20%
2/16/2023,25.2,25.15,25.2,25.1,19.17M,0.20%
2/15/2023,25.15,25.1,25.2,25.1,42.35M,0.20%
2/14/2023,25.1,25.15,25.15,25.1,3.08M,-0.20%
2/13/2023,25.15,25.2,25.15,25.1,22.88M,-0.20%
2/10/2023,25.2,25.1,25.2,25.1,12.12M,0.40%
2/9/2023,25.1,25.15,25.2,25.1,22.32M,-0.20%
2/8/2023,25.15,25.25,25.15,25,17.03M,-0.40%
2/7/2023,25.25,25.1,25.25,25.1,13.66M,0.60%
2/6/2023,25.1,25.2,25.2,25.1,50.59M,-0.40%
2/3/2023,25.2,25.05,25.2,25.05,20.80M,0.60%
2/2/2023,25.05,25.05,25.15,25.05,13.93M,0.00%
2/1/2023,25.05,24.95,25.05,24.95,16.61M,0.40%
1/31/2023,24.95,25,25.05,24.95,14.16M,-0.20%
1/30/2023,25,24.45,25,24.45,23.35M,2.25%
1/27/2023,24.45,24.35,24.45,24.3,8.69M,0.41%
1/26/2023,24.35,24.35,24.35,24.3,17.79M,0.00%
1/25/2023,24.35,24.05,24.35,24.1,6.71M,1.25%
1/24/2023,24.05,24.15,24.35,24.05,12.49M,-0.41%
1/23/2023,24.15,24.1,24.15,24.05,10.99M,0.21%
1/20/2023,24.1,24.35,24.35,24.1,4.59M,-1.03%
1/19/2023,24.35,24.45,24.4,24.3,18.52M,-0.41%
1/18/2023,24.45,24.2,24.5,24.2,13.16M,1.03%
1/17/2023,24.2,24.1,24.2,23.9,16.75M,0.41%
1/16/2023,24.1,24.5,24.2,24,20.03M,-1.63%
1/13/2023,24.5,24.5,24.95,24.5,18.20M,0.00%
1/12/2023,24.5,24,24.5,24,19.81M,2.08%
1/11/2023,24,23.5,24,23.4,33.98M,1.48%
1/10/2023,23.65,23.7,23.7,23.4,9.92M,-0.21%
1/9/2023,23.7,24,23.95,23.7,8.29M,-1.25%
1/6/2023,24,24,24,23.85,10.18M,0.00%
1/5/2023,24,23.5,24,23.45,19.95M,2.13%
1/4/2023,23.5,23.25,23.5,23.1,12.23M,1.08%
1/3/2023,23.25,23,23.3,22.3,13.76M,1.09%
12/30/2022,23,23.4,23.3,23,8.13M,-1.71%
12/29/2022,23.4,23.3,24.5,23.3,38.53M,0.43%
12/28/2022,23.3,22.45,23.3,22.6,25.74M,3.79%
12/23/2022,22.45,22.15,22.45,22.35,2.73M,1.35%
12/22/2022,22.15,22.05,22.65,22,6.64M,0.45%
12/21/2022,22.05,21.65,22.25,22,6.87M,1.85%
12/20/2022,21.65,21.6,21.8,21.2,16.44M,0.23%
12/19/2022,21.6,20.9,21.6,21,16.61M,3.35%
12/16/2022,20.9,20.5,21,20.8,13.58M,1.95%
12/15/2022,20.5,20.95,20.95,20.5,10.47M,-1.91%
12/14/2022,20.9,21,21,20.9,10.21M,-0.48%
12/13/2022,21,21,21,20.9,19.21M,0.00%
12/12/2022,21,21,21.35,20.95,17.20M,0.00%
12/9/2022,21,20.9,21.5,20.9,7.27M,0.48%
12/8/2022,20.9,21,21.05,20.9,3.95M,-0.48%
12/7/2022,21,21.05,21.2,21,4.24M,-0.24%
12/6/2022,21.05,21.4,21.4,21.05,3.76M,-1.64%
12/5/2022,21.4,21.4,21.5,21.15,8.25M,0.00%
12/2/2022,21.4,20.3,21.4,20.35,5.58M,5.42%
12/1/2022,20.3,20,20.55,20.05,3.85M,1.50%
11/30/2022,20,19.9,20.2,20,4.17M,0.50%
11/29/2022,19.9,19.95,20,19.85,8.49M,-0.25%
11/28/2022,19.95,20,20,19.9,5.61M,-0.25%
11/25/2022,20,20.3,20,20,5.35M,-1.48%
11/24/2022,20.3,20.5,20.3,20.2,7.13M,-0.98%
11/23/2022,20.5,20.4,20.5,20,11.55M,0.49%
11/22/2022,20.4,19.5,20.4,20,2.68M,4.62%
11/21/2022,19.5,19.45,19.9,19.5,8.31M,0.26%
11/18/2022,19.45,19,19.45,19.2,3.58M,2.37%
11/17/2022,19,19.3,19.5,19,7.00M,-1.55%
11/16/2022,19.3,18.1,19.3,18.2,20.82M,6.63%
11/15/2022,18.1,17.7,18.1,18,5.97M,2.26%
11/14/2022,17.7,17.55,17.7,17.6,3.74M,0.85%
11/11/2022,17.55,17.6,17.7,17.45,15.52M,-0.28%
11/10/2022,17.6,17.55,17.6,17.6,23.88M,0.28%
11/9/2022,17.55,17.5,17.6,17.55,8.97M,0.29%
11/8/2022,17.5,17.6,17.6,17.5,14.59M,-0.28%
11/7/2022,17.55,17.6,17.6,17.6,8.87M,-0.28%
11/4/2022,17.6,17.6,17.65,17.6,19.64M,0.00%
11/3/2022,17.6,17.6,17.7,17.55,6.48M,0.00%
11/2/2022,17.6,17.6,17.8,17.5,10.21M,0.00%
11/1/2022,17.6,17.6,17.8,17.6,9.26M,0.00%
10/31/2022,17.6,17.9,18,17.6,8.38M,-1.68%
10/28/2022,17.9,18,18,17.9,5.89M,-0.56%
10/27/2022,18,18.2,18,18,5.68M,-1.10%
10/26/2022,18.2,18.3,18.2,18,4.68M,-0.55%
10/25/2022,18.3,18.4,18.4,18.2,6.32M,-0.54%
10/24/2022,18.4,18.5,18.5,18.4,5.28M,-0.54%
10/21/2022,18.5,18.45,18.75,18.45,8.24M,0.27%
10/20/2022,18.45,18.45,18.65,18.4,8.32M,0.00%
10/19/2022,18.45,18.55,18.7,18.4,18.55M,-0.54%
10/18/2022,18.55,18.1,18.7,18.4,57.41M,2.49%
10/17/2022,18.1,17.9,18.3,18,33.72M,1.12%
10/14/2022,17.9,16.95,17.95,17,35.00M,5.60%
10/13/2022,16.95,16.85,17,16.9,19.15M,0.59%
10/12/2022,16.85,16.95,17,16.8,28.48M,-0.59%
10/11/2022,16.95,17,17.05,16.9,38.87M,-0.29%
10/7/2022,17,16.95,17,16.9,33.79M,0.29%
10/6/2022,16.95,17.3,17.25,16.9,27.73M,-2.02%
10/5/2022,17.3,17.6,17.6,17.3,19.47M,-1.70%
10/4/2022,17.6,17.75,17.95,17.6,71.19M,-0.85%
9/30/2022,17.75,17.8,17.9,17.5,135.62M,-0.28%
9/29/2022,17.8,18,18.55,17.8,10.00M,-1.11%
9/28/2022,18,18.75,18.6,17.75,14.34M,-4.00%
9/27/2022,18.75,18.85,18.85,18.75,3.05M,-0.53%
9/26/2022,18.85,18.5,19,18.85,3.31M,1.89%
9/23/2022,18.5,19.1,19.15,18.5,4.37M,-3.14%
9/22/2022,19.1,19.25,19.2,19.1,3.60M,-0.78%
9/21/2022,19.25,19.25,19.4,17.55,4.99M,-1.53%
9/20/2022,19.55,19.65,19.7,19.25,35.82M,-0.51%
9/19/2022,19.65,19.7,19.8,19.65,6.11M,-0.25%
9/16/2022,19.7,19.7,19.7,19.7,6.68M,0.00%
9/15/2022,19.7,19.75,19.7,19.7,4.88M,-0.25%
9/14/2022,19.75,19.8,19.8,19.75,9.48M,-0.25%
9/13/2022,19.8,19.8,19.8,19.8,7.08M,0.00%
9/12/2022,19.8,19.7,19.8,19.8,19.47M,0.51%
9/9/2022,19.7,19.8,19.85,19.7,5.25M,-0.51%
9/8/2022,19.8,19.8,19.9,19.75,4.87M,0.00%
9/7/2022,19.8,19.8,19.9,19.8,9.30M,0.00%
9/6/2022,19.8,19.9,19.95,19.8,9.20M,-0.50%
9/5/2022,19.9,19.8,20,19.9,10.00M,0.51%
9/2/2022,19.8,19.85,19.85,19.8,13.04M,-0.25%
9/1/2022,19.85,19.85,19.95,19.8,34.25M,0.00%
8/31/2022,19.85,19.85,19.9,19.8,5.55M,0.00%
8/30/2022,19.85,19.9,19.9,19.8,5.51M,-0.25%
8/29/2022,19.9,20,20,19.9,9.75M,-0.50%
8/26/2022,20,19.95,20.1,20,9.34M,0.25%
8/25/2022,19.95,20.1,20.2,19.95,10.66M,-0.75%
8/24/2022,20.1,20.2,20.25,20.05,16.09M,-0.50%
8/23/2022,20.2,20.25,20.25,20.15,9.66M,-0.25%
8/22/2022,20.25,20.3,20.3,20.2,8.58M,-0.25%
8/19/2022,20.3,20.3,20.4,20.3,8.92M,0.00%
8/18/2022,20.3,20.3,20.3,20.25,6.51M,0.00%
8/17/2022,20.3,20.3,20.35,20.3,4.26M,0.00%
8/16/2022,20.3,20.35,20.35,20.25,9.79M,-0.25%
8/15/2022,20.35,20.4,20.5,20.25,15.52M,-0.25%
8/12/2022,20.4,20.45,20.55,20.4,7.53M,-0.24%
8/11/2022,20.45,20.55,20.55,20.45,6.37M,-0.49%
8/10/2022,20.55,20.55,20.55,20.5,9.31M,0.00%
8/9/2022,20.55,20.5,20.6,20.45,7.85M,0.24%
8/8/2022,20.5,20.6,20.75,20.5,6.67M,-0.49%
8/5/2022,20.6,20.5,20.6,20.45,21.70M,0.49%
8/4/2022,20.5,20.4,20.5,20.45,5.63M,0.49%
8/3/2022,20.4,20.35,20.45,20.4,6.44M,0.25%
8/2/2022,20.35,20,20.5,20.3,9.37M,1.75%
8/1/2022,20,19.85,20,19.9,21.37M,0.76%
7/29/2022,19.85,18.9,20,19,10.99M,5.03%
7/28/2022,18.9,19.6,19.85,18.9,12.68M,-3.57%
7/27/2022,19.6,20.4,20.35,19.6,15.70M,-3.92%
7/26/2022,20.4,20.7,20.65,20.35,12.69M,-1.45%
7/25/2022,20.7,20.75,20.8,20.7,5.10M,-0.24%
7/22/2022,20.75,20.85,20.8,20.65,36.39M,-0.48%
7/21/2022,20.85,20.9,21.2,20.75,33.85M,-0.24%
7/20/2022,20.9,21.45,21.45,20.6,16.82M,-2.56%
7/19/2022,21.45,21.35,21.6,21.35,8.88M,0.47%
7/18/2022,21.35,20.95,21.35,21.2,5.89M,1.91%
7/15/2022,20.95,20.7,21.05,20.7,14.84M,1.21%
7/14/2022,20.7,20.4,20.7,20.45,6.02M,1.47%
7/13/2022,20.4,20.4,20.5,20.4,51.89M,0.00%
7/8/2022,20.4,20.4,20.5,20.4,17.86M,0.00%
7/7/2022,20.4,20.3,20.5,20.2,19.45M,0.49%
7/6/2022,20.3,20.45,20.45,20.3,13.11M,-0.73%
7/5/2022,20.45,20.45,20.5,20.35,29.02M,0.00%
7/4/2022,20.45,20.45,20.55,20.45,20.18M,0.00%
7/1/2022,20.45,20.5,20.5,20.45,23.47M,-0.24%
6/30/2022,20.5,20.5,20.5,20.4,15.16M,0.00%
6/29/2022,20.5,20.7,20.65,20.5,42.15M,-0.97%
6/28/2022,20.7,20.85,20.85,20.5,14.11M,-0.72%
6/27/2022,20.85,20.9,20.95,20.75,10.18M,-0.24%
6/24/2022,20.9,20.95,20.95,20.9,7.04M,-0.24%
6/23/2022,20.95,21,21,20.9,7.20M,-0.24%
6/22/2022,21,21,21,21,15.83M,0.00%
6/21/2022,21,21.2,21.2,21,17.29M,0.00%
6/20/2022,21,21.05,21.5,21,11.30M,-0.24%
6/17/2022,21.05,21.5,21.7,21.05,16.78M,-2.09%
6/16/2022,21.5,21.65,21.8,21.5,9.64M,-0.69%
6/15/2022,21.65,21.5,22,21.65,24.39M,0.70%
6/14/2022,21.5,22,22,21.5,20.41M,-2.27%
6/10/2022,22,22.2,22.2,21.95,17.89M,-0.90%
6/9/2022,22.2,22.4,22.4,22,22.22M,-0.89%
6/8/2022,22.4,22.4,22.5,22.4,4.46M,0.00%
6/7/2022,22.4,22.5,22.5,22.35,8.68M,-0.44%
6/6/2022,22.5,22.55,22.55,22.5,6.34M,-0.22%
6/3/2022,22.55,22.55,22.6,22.55,9.06M,0.00%
6/2/2022,22.55,22.6,22.8,22.5,17.80M,-0.22%
6/1/2022,22.6,22.55,22.6,22.55,20.12M,0.22%
5/31/2022,22.55,22.9,22.9,22.55,5.91M,-1.53%
5/30/2022,22.9,23,23,22.9,6.20M,-0.43%
5/27/2022,23,23,23.2,23,20.14M,0.00%
5/26/2022,23,22.4,23.5,23,20.65M,2.68%
5/25/2022,22.4,23,22.85,21.65,13.98M,-2.61%
5/24/2022,23,23.5,23.5,23,14.80M,-2.13%
5/23/2022,23.5,23.7,23.65,23.45,12.87M,-0.84%
5/20/2022,23.7,23.9,23.8,23.7,5.54M,-0.84%
5/19/2022,23.9,23.9,23.9,23.85,13.73M,0.00%
5/18/2022,23.9,23.9,23.95,23.85,65.93M,0.00%
5/17/2022,23.9,23.95,24,23.9,50.39M,-0.21%
5/16/2022,23.95,23.9,24,23.9,10.26M,0.21%
5/13/2022,23.9,23.6,23.9,23.75,13.96M,1.27%
5/12/2022,23.6,23.95,23.9,23.6,13.27M,-1.46%
5/11/2022,23.95,23.75,24,23.75,18.86M,0.84%
5/10/2022,23.75,23.75,23.8,23.6,51.96M,0.00%
5/9/2022,23.75,23.4,23.95,23.3,24.76M,1.50%
5/6/2022,23.4,23.5,23.5,23.35,14.00M,-0.43%
5/5/2022,23.5,23.95,23.95,23.45,20.31M,-1.88%
5/4/2022,23.95,24,24,23.95,9.67M,-0.21%
4/29/2022,24,24,24,23.95,14.89M,0.21%
4/28/2022,23.95,23.95,24.2,23.95,11.75M,0.00%
4/27/2022,23.95,24.25,24,23.85,12.29M,-1.24%
4/26/2022,24.25,24.6,24.8,24,15.07M,-1.42%
4/25/2022,24.6,24.2,24.6,24.3,13.70M,1.65%
4/22/2022,24.2,24.1,24.2,24,9.38M,0.41%
4/21/2022,24.1,23.7,24.1,23.8,6.90M,1.69%
4/20/2022,23.7,24.5,24.3,23.6,6.68M,-3.27%
4/19/2022,24.5,24.5,24.6,24.45,8.40M,0.00%
4/14/2022,24.5,24.4,24.7,24.5,19.95M,0.41%
4/13/2022,24.4,23.65,24.95,23.7,65.89M,3.17%
4/12/2022,23.65,22.95,23.75,23,39.09M,3.05%
4/11/2022,22.95,23,23.2,22.95,43.25M,-0.22%
4/8/2022,23,22.45,23,22.4,9.06M,2.45%
4/7/2022,22.45,22.1,22.65,22.15,8.98M,1.58%
4/6/2022,22.1,22.35,22.45,22.1,15.49M,-1.12%
4/5/2022,22.35,21.8,22.5,21.8,15.27M,2.52%
4/4/2022,21.8,21.5,22,21.5,9.70M,1.40%
4/1/2022,21.5,22.4,22.45,21.45,14.51M,-4.02%
3/31/2022,22.4,23,23,22.2,5.45M,-2.61%
3/30/2022,23,23.3,23.25,23,5.49M,-1.29%
3/29/2022,23.3,23.25,23.3,23.25,4.96M,0.22%
3/28/2022,23.25,23.15,23.3,23.15,12.67M,0.43%
3/25/2022,23.15,23,23.6,23.15,16.42M,0.65%
3/24/2022,23,23.7,23.7,23,26.09M,-11.54%
3/23/2022,26,26,26.1,25.95,23.95M,0.00%
3/22/2022,26,26.15,26.2,26,28.34M,-0.57%
3/21/2022,26.15,26.2,26.3,26.1,18.41M,-0.19%
3/18/2022,26.2,26.2,26.3,26.15,11.74M,0.00%
3/17/2022,26.2,26.15,26.2,26.15,18.25M,0.19%
3/16/2022,26.15,26.2,26.35,26.15,9.12M,-0.19%
3/15/2022,26.2,26.7,26.75,26.2,8.29M,-1.87%
3/14/2022,26.7,27,26.95,26.45,17.02M,-1.11%
3/11/2022,27,26,27,26.15,5.57M,3.85%
3/10/2022,26,26.15,26.15,25.8,13.58M,-0.57%
3/9/2022,26.15,26.2,26.5,26,54.13M,-0.19%
3/8/2022,26.2,26,26.3,26,29.35M,0.77%
3/7/2022,26,26,26.1,26,15.35M,0.00%
3/4/2022,26,26.35,26.35,26,8.80M,-1.33%
3/3/2022,26.35,26.65,26.6,26.35,3.27M,-1.13%
3/2/2022,26.65,26.95,26.95,26.65,5.45M,-1.11%
3/1/2022,26.95,26.9,26.95,26.9,7.75M,0.19%
2/28/2022,26.9,26.9,26.95,26.8,8.53M,0.00%
2/25/2022,26.9,26.9,27,26.8,10.15M,0.00%
2/24/2022,26.9,26.5,26.95,26.8,7.32M,1.51%
2/23/2022,26.5,26.8,26.75,26.5,10.98M,-1.12%
2/22/2022,26.8,26.45,27,26.8,9.19M,1.32%
2/21/2022,26.45,26.2,26.75,26.3,10.64M,0.95%
2/18/2022,26.2,26.3,26.3,26,18.78M,-0.38%
2/17/2022,26.3,26,26.3,26.15,130.14M,1.15%
2/16/2022,26,26.3,26.3,26,14.22M,-1.14%
2/15/2022,26.3,26.4,26.5,26.25,7.64M,-0.38%
2/14/2022,26.4,26.6,26.65,26.2,23.18M,-0.75%
2/11/2022,26.6,27.25,27.3,26.6,9.24M,-2.39%
2/10/2022,27.25,27.25,27.3,27.25,2.50M,0.00%
2/9/2022,27.25,27.25,27.3,27.25,17.34M,0.00%
2/8/2022,27.25,27.35,27.95,27,32.35M,-0.37%
2/7/2022,27.35,27.5,27.7,27.3,44.93M,-0.55%
2/4/2022,27.5,27.45,27.5,27.2,12.46M,0.18%
2/3/2022,27.45,27.7,27.7,27,21.30M,-0.90%
2/2/2022,27.7,28,28.05,27.3,24.63M,-1.07%
2/1/2022,28,26.9,28,27,21.12M,4.09%
1/31/2022,26.9,25.65,26.9,25.75,11.89M,4.87%
1/28/2022,25.65,25.5,25.75,25.55,20.92M,0.59%
1/27/2022,25.5,25.5,25.75,25.5,16.05M,0.00%
1/26/2022,25.5,25.5,25.5,25.45,36.75M,0.00%
1/25/2022,25.5,25.65,25.7,25.45,24.52M,-0.58%
1/24/2022,25.65,25.8,25.9,25.65,11.06M,-0.58%
1/21/2022,25.8,25.5,25.9,25.5,3.28M,1.18%
1/20/2022,25.5,25.45,25.6,25.3,6.67M,0.20%
1/19/2022,25.45,25.5,25.75,25.3,25.46M,-0.20%
1/18/2022,25.5,25.15,25.8,25.15,18.73M,1.39%
1/17/2022,25.15,25.2,25.4,25.15,24.81M,-0.20%
1/14/2022,25.2,25.45,25.45,25.2,17.59M,-0.98%
1/13/2022,25.45,25.45,25.5,25.4,10.92M,0.00%
1/12/2022,25.45,25.5,25.5,25.45,9.83M,-0.20%
1/11/2022,25.5,25.55,25.6,25.35,14.05M,-0.20%
1/10/2022,25.55,25.8,25.8,25.55,10.35M,-0.97%
1/7/2022,25.8,25.9,25.85,25.75,25.68M,-0.39%
1/6/2022,25.9,25.9,25.9,25.85,3.69M,0.00%
1/5/2022,25.9,26,25.95,25.85,9.31M,-0.38%
1/4/2022,26,26,26,25.9,8.18M,0.00%
12/31/2021,26,26,26.3,26,16.96M,0.00%
12/30/2021,26,26,26.1,25.7,2.92M,0.00%
12/29/2021,26,25.75,26,25.9,2.03M,0.97%
12/24/2021,25.75,25.9,25.8,25.5,3.32M,-0.58%
12/23/2021,25.9,25.9,26,25.9,21.14M,0.00%
12/22/2021,25.9,25.8,25.9,25.85,3.14M,0.39%
12/21/2021,25.8,25.8,25.9,25.8,4.71M,0.00%
12/20/2021,25.8,25.6,25.8,25.5,10.57M,0.78%
12/17/2021,25.6,25.8,25.8,25.6,3.14M,-0.78%
12/16/2021,25.8,25.6,26,25.8,1.89M,0.78%
12/15/2021,25.6,25,25.6,25.4,17.99M,2.40%
12/14/2021,25,26,26,25,14.98M,-3.85%
12/13/2021,26,26.5,26.75,26,12.83M,-1.89%
12/10/2021,26.5,25.5,26.5,26.2,2.82M,3.92%
12/9/2021,25.5,24.3,25.6,24.5,9.31M,4.94%
12/8/2021,24.3,24.15,24.45,24.15,20.67M,0.62%
12/7/2021,24.15,23.95,24.2,23.9,19.42M,0.84%
12/6/2021,23.95,24.1,24.6,23.9,47.79M,-0.62%
12/3/2021,24.1,24.5,24.4,24,23.96M,-1.63%
12/2/2021,24.5,24.6,24.75,24.3,33.48M,-0.41%
12/1/2021,24.6,24.6,24.75,24.6,13.59M,0.00%
11/30/2021,24.6,24.95,25.25,24.6,16.67M,-1.40%
11/29/2021,24.95,25,25.1,24.9,12.39M,-0.20%
11/26/2021,25,25,25.2,24.95,29.53M,0.00%
11/25/2021,25,25.4,25.5,25,22.96M,-1.57%
11/24/2021,25.4,25.4,25.5,25.35,13.57M,0.00%
11/23/2021,25.4,25.45,25.55,25.35,36.19M,-0.20%
11/22/2021,25.45,25.4,25.95,25.45,43.15M,0.20%
11/19/2021,25.4,26.1,26.15,24.95,49.93M,-2.68%
11/18/2021,26.1,26.3,26.4,26.1,10.94M,-0.76%
11/17/2021,26.3,26.9,27,26.3,24.22M,-2.23%
11/16/2021,26.9,27.5,27.35,26.9,20.84M,-2.18%
11/15/2021,27.5,27.45,27.6,27.4,18.46M,0.18%
11/12/2021,27.45,27.4,27.5,27.45,18.44M,0.18%
11/11/2021,27.4,27.65,27.5,27.3,7.25M,-0.90%
11/10/2021,27.65,27.65,27.65,27.6,14.57M,0.00%
11/9/2021,27.65,27.95,28.15,27.65,4.09M,-1.07%
11/8/2021,27.95,28.2,28.05,27.95,11.42M,-0.89%
11/5/2021,28.2,28.2,28.5,28.2,7.77M,0.00%
11/4/2021,28.2,28,28.2,28.05,3.99M,0.71%
11/3/2021,28,28.3,28.05,28,5.28M,-1.06%
11/2/2021,28.3,28.4,28.5,28.3,5.32M,-0.35%
11/1/2021,28.4,28.65,28.6,28.4,9.26M,-0.87%
10/29/2021,28.65,28.55,28.8,28.6,7.13M,0.35%
10/28/2021,28.55,28.55,28.6,28.55,6.74M,0.00%
10/27/2021,28.55,28.5,28.65,28.4,7.79M,0.18%
10/26/2021,28.5,28.6,28.65,28.5,25.04M,-0.35%
10/25/2021,28.6,28.5,28.65,28.6,21.48M,0.35%
10/22/2021,28.5,29,28.55,28.4,18.77M,-1.72%
10/21/2021,29,29.6,29.55,29,3.21M,-2.03%
10/20/2021,29.6,29.6,30,29.6,20.60M,0.00%
10/18/2021,29.6,29.6,29.6,29.5,25.56M,0.00%
10/15/2021,29.6,28.5,29.6,28.6,33.17M,3.86%
10/14/2021,28.5,28.5,28.6,28.35,63.75M,0.00%
10/13/2021,28.5,28.2,28.5,28.25,32.61M,1.06%
10/12/2021,28.2,28,28.45,28.05,9.71M,0.71%
10/11/2021,28,28.6,28.7,28,12.10M,-2.10%
10/8/2021,28.6,28.4,28.7,28.4,17.33M,0.70%
10/7/2021,28.4,28.4,28.5,28,7.13M,0.00%
10/6/2021,28.4,28.5,28.5,28.3,11.77M,-0.35%
10/5/2021,28.5,28.1,28.5,28.05,25.66M,1.42%
10/4/2021,28.1,28.05,28.1,28,18.27M,0.18%
9/30/2021,28.05,27.9,28.2,28,19.42M,0.54%
9/29/2021,27.9,27.7,27.9,27.55,7.47M,0.72%
9/28/2021,27.7,27.3,27.7,27.6,1.96M,0.36%
9/27/2021,27.6,27.75,27.7,27.4,11.15M,-0.54%
9/24/2021,27.75,27.4,27.8,27.6,7.00M,1.28%
9/23/2021,27.4,27.05,27.5,27.1,9.95M,1.29%
9/22/2021,27.05,27.1,27.15,27,10.02M,-0.18%
9/21/2021,27.1,27.3,27.3,27.1,19.04M,-0.73%
9/20/2021,27.3,28,28,27.3,7.33M,-2.50%
9/17/2021,28,27.05,28,27.05,3.45M,3.51%
9/16/2021,27.05,27.2,27.1,27.05,6.75M,-0.55%
9/15/2021,27.2,27,27.2,27.2,1.56M,0.74%
9/14/2021,27,27.1,27,26.95,5.76M,-0.37%
9/13/2021,27.1,27.05,27.1,27.05,2.04M,0.18%
9/10/2021,27.05,27.1,27.1,27,12.16M,-0.18%
9/9/2021,27.1,27.05,27.15,27.1,9.46M,0.18%
9/8/2021,27.05,27.6,27.45,27,19.44M,-1.99%
9/7/2021,27.6,27.85,27.9,27.6,4.62M,-0.90%
9/6/2021,27.85,27.85,27.85,27.85,2.25M,0.00%
9/3/2021,27.85,27.5,28,27.6,2.15M,1.27%
9/2/2021,27.5,27.45,27.5,27.35,6.55M,0.18%
9/1/2021,27.45,27.35,27.45,27.25,4.07M,0.37%
8/31/2021,27.35,27.5,27.7,27.35,6.92M,-0.55%
8/30/2021,27.5,27.55,27.65,27.5,5.16M,-0.18%
8/27/2021,27.55,27.8,27.9,27.55,22.09M,-0.90%
8/26/2021,27.8,27.8,27.85,27.8,5.29M,0.00%
8/25/2021,27.8,28,28.15,27.8,4.68M,-0.71%
8/24/2021,28,27.9,28,27.8,4.73M,0.36%
8/23/2021,27.9,28.1,28.05,27.9,20.94M,-0.71%
8/20/2021,28.1,28,28.1,28,42.64M,0.36%
8/19/2021,28,28.05,28.05,28,4.24M,-0.18%
8/18/2021,28.05,28.3,28.25,28,6.22M,-0.88%
8/17/2021,28.3,28.35,28.3,28.2,4.78M,-0.18%
8/16/2021,28.35,28.25,28.35,28.35,1.06M,0.35%
8/13/2021,28.25,28.4,28.4,28.25,3.91M,-0.53%
8/12/2021,28.4,28.1,28.4,28.3,2.42M,1.07%
8/11/2021,28.1,28,28.15,28.05,1.86M,0.36%
8/10/2021,28,28.15,28.45,28,37.28M,-0.53%
8/9/2021,28.15,28,28.3,28.15,1.47M,0.54%
8/6/2021,28,28,28.4,28,14.38M,0.00%
8/5/2021,28,28.35,28.1,28,13.00M,-1.23%
8/4/2021,28.35,28.45,28.5,28.3,3.06M,-0.35%
8/3/2021,28.45,28.5,28.55,28.45,7.04M,-0.18%
8/2/2021,28.5,28.5,28.9,28.5,8.01M,0.00%
7/30/2021,28.5,29.05,29,28.5,17.84M,-1.89%
7/29/2021,29.05,29.55,29.35,29,15.29M,-1.69%
7/28/2021,29.55,29.55,29.6,29.55,1.91M,0.00%
7/27/2021,29.55,29.65,29.65,29.5,7.22M,-0.34%
7/26/2021,29.65,29.6,29.65,29.6,12.76M,0.17%
7/23/2021,29.6,29.5,29.6,29.45,8.40M,0.34%
7/22/2021,29.5,29.45,29.5,29.3,13.30M,0.17%
7/19/2021,29.45,29.4,29.45,29.3,2.43M,0.17%
7/16/2021,29.4,29.3,29.7,29.3,75.64M,0.34%
7/15/2021,29.3,29.45,29.3,29.3,1.39M,-0.51%
7/14/2021,29.45,29.45,29.45,29.25,10.37M,0.00%
7/13/2021,29.45,29.55,29.6,29.45,27.91M,-0.34%
7/12/2021,29.55,29.45,29.65,29.55,5.58M,0.34%
7/9/2021,29.45,29.3,29.5,29.3,30.97M,0.51%
7/8/2021,29.3,29.85,29.85,29.3,8.98M,-1.84%
7/7/2021,29.85,29.3,29.5,29.25,11.91M,1.88%
7/6/2021,29.3,29.3,29.45,29.2,5.60M,0.00%
7/5/2021,29.3,29.45,29.5,29.3,2.61M,-0.51%
7/2/2021,29.45,29.5,29.5,29.45,5.30M,-0.17%
7/1/2021,29.5,29.9,29.95,29.5,41.84M,-1.34%
6/30/2021,29.9,30,29.95,29.9,6.83M,-0.33%
6/29/2021,30,30,30,29.5,13.43M,0.00%
6/28/2021,30,30,30.25,29.95,11.85M,0.00%
6/25/2021,30,29,30.25,29.3,21.18M,5.08%
6/24/2021,28.55,28.55,28.55,28.55,,0.00%
6/17/2021,28.55,28.05,28.6,28.4,3.73M,1.78%
6/16/2021,28.05,28.5,28.5,28,26.49M,-1.58%
6/15/2021,28.5,28.9,28.9,28.5,3.58M,-1.38%
6/11/2021,28.9,29,29,28.8,14.10M,-0.34%
6/10/2021,29,28.9,29.15,28.7,6.75M,0.35%
6/9/2021,28.9,28.4,28.95,28.45,15.12M,1.76%
6/8/2021,28.4,28.3,28.4,28.3,10.27M,0.35%
6/7/2021,28.3,28.65,28.55,28.3,4.23M,-1.22%
6/4/2021,28.65,28.4,28.65,28.65,1.07M,0.88%
6/3/2021,28.4,28.4,28.6,28.4,2.04M,0.00%
6/2/2021,28.4,28.4,28.4,28.2,3.55M,0.00%
6/1/2021,28.4,28.4,28.85,28.4,8.45M,0.00%
5/31/2021,28.4,28,28.6,28.2,3.83M,1.43%
5/28/2021,28,28.1,28.5,28,46.33M,-0.36%
5/27/2021,28.1,28.45,28.6,28.1,7.96M,-1.23%
5/26/2021,28.45,28.65,29,28.45,12.89M,-0.70%
5/25/2021,28.65,29,29,28.65,7.14M,-1.21%
5/24/2021,29,29.25,29,29,3.60M,-0.85%
5/21/2021,29.25,29.5,29.35,29,8.61M,-0.85%
5/20/2021,29.5,29.35,29.8,29.45,11.94M,0.51%
5/19/2021,29.35,29.5,29.5,29.35,1.99M,-0.51%
5/18/2021,29.5,29.5,29.5,29.5,1.18M,0.00%
5/17/2021,29.5,30,30,29.5,7.84M,-1.67%
5/14/2021,30,29.55,30,29.5,11.19M,1.52%
5/11/2021,29.55,30,30,29.55,7.96M,-1.50%
5/10/2021,30,29.25,30.3,29.4,11.46M,2.56%
5/7/2021,29.25,29,29.35,29,11.90M,0.86%
5/6/2021,29,29,29.55,29,14.38M,0.00%
5/5/2021,29,30.1,29.9,28.9,15.95M,-3.65%
5/4/2021,30.1,30.1,30.1,29.65,15.94M,0.00%
4/30/2021,30.1,30.05,30.1,30.05,5.65M,0.17%
4/29/2021,30.05,31,30.05,30.05,1.03M,-3.06%
4/28/2021,31,31.15,31.15,31,2.21M,-0.48%
4/27/2021,31.15,31.3,31.3,31.05,15.89M,-0.48%
4/26/2021,31.3,31.2,31.3,31.2,16.44M,0.32%
4/23/2021,31.2,31.3,31.25,31,42.67M,-0.32%
4/22/2021,31.3,31.45,31.45,30.55,37.29M,0.16%
4/21/2021,31.25,30,31.25,30.05,13.68M,4.17%
4/20/2021,30,29.5,30.45,29.9,22.76M,1.69%
4/19/2021,29.5,29.15,29.5,29.3,12.76M,1.20%
4/16/2021,29.15,28.75,29.15,28.8,33.47M,1.39%
4/15/2021,28.75,28.8,28.8,28.75,12.25M,-0.17%
4/14/2021,28.8,28.95,28.95,28.7,8.70M,-0.52%
4/13/2021,28.95,28.9,29,28.9,32.83M,0.17%
4/12/2021,28.9,28.9,28.9,28.85,4.17M,0.00%
4/9/2021,28.9,28.75,29,28.9,9.23M,0.52%
4/8/2021,28.75,28,28.8,28.55,20.50M,2.68%
4/7/2021,28,28.95,28.95,28,29.21M,-3.28%
4/6/2021,28.95,29.95,29.1,28.5,11.70M,-3.34%
4/1/2021,29.95,30.15,30.2,29.8,9.65M,-8.83%
3/31/2021,32.85,33,33,32.5,10.71M,-0.45%
3/30/2021,33,33,33,32.9,28.97M,0.30%
3/29/2021,32.9,31.55,33,31.95,230.37M,4.28%
3/26/2021,31.55,31.15,31.55,31.2,19.79M,1.28%
3/25/2021,31.15,31,31.25,31,19.28M,0.48%
3/24/2021,31,31.05,31.2,31,72.62M,-0.16%
3/23/2021,31.05,31,31.3,30.95,26.83M,0.16%
3/22/2021,31,31,31.5,30.95,36.13M,0.00%
3/19/2021,31,29.8,31.45,30.8,39.39M,4.03%
3/18/2021,29.8,28,30,28.5,122.18M,6.43%
3/17/2021,28,28.5,28.2,27.85,34.20M,-1.75%
3/16/2021,28.5,29.95,29,28.5,16.33M,-4.84%
3/15/2021,29.95,30.75,30.8,29.8,4.16M,-2.60%
3/12/2021,30.75,30.95,30.85,30.7,30.97M,-0.65%
3/11/2021,30.95,30.7,31,30.9,8.13M,0.81%
3/10/2021,30.7,30,31.1,30,34.34M,-0.97%
3/9/2021,31,31.05,31.1,30,11.08M,-0.16%
3/8/2021,31.05,31,31.05,30.8,4.69M,0.16%
3/5/2021,31,31.5,31.05,30.9,20.83M,-1.59%
3/4/2021,31.5,31.7,31.8,31.05,15.50M,-0.63%
3/3/2021,31.7,31.5,31.95,31.65,28.99M,0.63%
3/2/2021,31.5,31,31.5,30.9,7.69M,1.61%
3/1/2021,31,31,31,30.9,4.10M,0.00%
2/26/2021,31,31.05,31.1,31,9.02M,-0.16%
2/25/2021,31.05,31.05,31.45,31,15.40M,0.00%
2/24/2021,31.05,30.75,31.8,30.95,48.80M,0.98%
2/23/2021,30.75,30.5,30.8,30.4,16.61M,0.82%
2/22/2021,30.5,30.3,30.8,30.3,26.85M,0.33%
2/19/2021,30.4,30.3,30.5,30.4,11.45M,0.33%
2/18/2021,30.3,30.9,30.95,30,35.43M,-1.94%
2/17/2021,30.9,30.9,32,30.9,16.53M,0.00%
2/16/2021,30.9,30.8,31,30.75,46.16M,0.32%
2/15/2021,30.8,30.35,30.95,30.6,12.47M,1.48%
2/12/2021,30.35,30.55,30.65,30.2,42.06M,-0.65%
2/11/2021,30.55,32.2,31.25,30.3,18.92M,-5.12%
2/10/2021,32.2,32.7,32.65,32.2,35.98M,-1.53%
2/9/2021,32.7,32.85,32.95,32.65,7.60M,-0.46%
2/8/2021,32.85,36,33.1,32.85,2.97M,-8.75%
2/5/2021,36,33,36,32.5,24.00M,9.09%
2/4/2021,33,33.05,33.65,33,87.21M,-0.15%
2/3/2021,33.05,33.75,33.6,33,60.67M,-2.07%
2/2/2021,33.75,34.5,34.25,33.5,11.32M,-2.17%
2/1/2021,34.5,34.5,34.5,34.45,22.58M,0.00%
1/29/2021,34.5,34,34.95,34.4,20.50M,1.47%
1/28/2021,34,33.2,34.5,33.2,21.17M,2.41%
1/27/2021,33.2,33.15,33.25,33.15,27.16M,0.15%
1/26/2021,33.15,33.1,33.3,33.1,13.23M,0.15%
1/25/2021,33.1,33.1,33.15,33.1,7.22M,0.00%
1/22/2021,33.1,33,33.15,33,20.52M,0.30%
1/21/2021,33,33.05,33.05,32.9,62.05M,-0.15%
1/20/2021,33.05,33.75,33.7,33,24.01M,-2.07%
1/19/2021,33.75,33.65,33.75,33.65,10.36M,0.30%
1/18/2021,33.65,33.05,34.3,33.15,12.53M,1.82%
1/15/2021,33.05,33,33.1,33,38.62M,0.15%
1/14/2021,33,32.4,33.1,32.35,68.99M,1.85%
1/13/2021,32.4,32.5,32.6,32.4,18.25M,-0.31%
1/12/2021,32.5,32.85,32.85,32.5,9.76M,-1.07%
1/11/2021,32.85,33,33.1,32.65,9.59M,-0.45%
1/8/2021,33,33,33,32.9,24.89M,0.00%
1/7/2021,33,32.5,33,33,9.55M,1.54%
1/6/2021,32.5,32.55,33,32.45,10.49M,-0.15%
1/5/2021,32.55,33.5,33.5,32.55,12.86M,-2.84%
1/4/2021,33.5,32.35,33.5,33.1,5.71M,3.55%
12/31/2020,32.35,32.5,32.6,32.35,5.94M,-0.46%
12/30/2020,32.5,32.7,32.7,32.5,10.42M,-0.61%
12/29/2020,32.7,32.8,32.8,32.7,7.03M,-0.30%
12/24/2020,32.8,33,33,32.8,59.18M,-0.61%
12/23/2020,33,33,33.05,32.95,9.29M,0.00%
12/22/2020,33,33.5,33,33,38.22M,-1.49%
12/21/2020,33.5,33.75,33.75,33.4,11.09M,-0.74%
12/18/2020,33.75,33.75,33.8,33.75,23.43M,0.00%
12/17/2020,33.75,33.95,34,33.5,9.20M,-0.59%
12/16/2020,33.95,33.55,33.95,33.85,2.81M,1.19%
12/15/2020,33.55,33,33.6,33.5,5.59M,1.67%
12/14/2020,33,32.9,33,31.5,19.17M,0.30%
12/11/2020,32.9,32.35,33,31.95,4.69M,1.70%
12/10/2020,32.35,33.15,33.15,31.4,87.02M,-2.41%
12/9/2020,33.15,33.15,33.15,33.1,32.66M,0.00%
12/8/2020,33.15,33.15,33.15,33,9.73M,0.00%
12/7/2020,33.15,33.25,33.3,33.15,9.12M,-0.30%
12/4/2020,33.25,33.6,33.6,33.25,2.24M,-1.04%
12/3/2020,33.6,34.1,34.1,33.6,6.66M,-1.47%
12/2/2020,34.1,35,34.3,34,39.00M,-2.57%
12/1/2020,35,33.2,36.5,34.15,24.06M,5.42%
11/30/2020,33.2,35,34.7,33.2,13.57M,-5.14%
11/27/2020,35,35.4,35.3,34.5,7.43M,-1.13%
11/26/2020,35.4,34.5,35.4,35,6.88M,2.61%
11/25/2020,34.5,34.1,34.8,34.3,22.21M,1.17%
11/24/2020,34.1,34.05,34.2,34,30.00M,0.15%
11/23/2020,34.05,35.35,35.35,34,37.10M,-3.68%
11/20/2020,35.35,35.8,35.6,34.15,5.69M,-1.26%
11/19/2020,35.8,37,36.25,35.8,5.86M,-3.24%
11/18/2020,37,37,37.6,37,70.68M,0.00%
11/17/2020,37,36,38,34.1,21.76M,2.78%
11/16/2020,36,36.4,36.25,35.1,32.22M,-1.10%
11/13/2020,36.4,38.2,38,35.5,56.02M,-4.71%
11/12/2020,38.2,36,38.45,35,49.67M,6.11%
11/11/2020,36,34.5,36,34.5,34.17M,2.86%
11/10/2020,35,35.25,35.25,34.2,34.81M,-0.71%
11/9/2020,35.25,33.5,36.3,33.25,21.73M,5.22%
11/6/2020,33.5,32.3,33.5,32.5,10.52M,3.72%
11/5/2020,32.3,32.1,32.5,32.1,15.67M,0.62%
11/4/2020,32.1,32,32.2,32,3.91M,0.31%
11/3/2020,32,32.5,32.05,31.9,18.90M,-1.54%
11/2/2020,32.5,32.5,32.5,31.5,12.19M,0.00%
10/30/2020,32.5,31.25,32.5,31.9,56.22M,4.00%
10/28/2020,31.25,31.25,31.35,31.1,12.61M,0.00%
10/27/2020,31.25,30.65,31.25,31,8.25M,1.96%
10/26/2020,30.65,30.45,30.75,30.5,56.79M,0.66%
10/23/2020,30.45,30,30.45,30,76.50M,1.50%
10/22/2020,30,30,30.4,29.85,77.84M,0.00%
10/21/2020,30,29.5,30.4,28.75,38.20M,-1.32%
10/20/2020,30.4,30.8,31,30.25,15.46M,-1.30%
10/19/2020,30.8,30.35,30.95,30.5,26.89M,1.48%
10/16/2020,30.35,29.5,30.6,29.15,21.59M,2.88%
10/15/2020,29.5,30,29.9,29.5,62.19M,-1.67%
10/14/2020,30,29.55,30,29.85,25.12M,1.52%
10/13/2020,29.55,30.3,30.4,29.5,100.31M,-2.48%
10/12/2020,30.3,30.4,30.5,30.25,65.48M,-0.33%
10/9/2020,30.4,32,32.05,30.4,32.62M,-5.00%
10/8/2020,32,31,32,30.05,18.29M,3.23%
10/7/2020,31,31.5,33,30,76.16M,-1.59%
10/6/2020,31.5,29.7,31.5,29.7,40.06M,6.06%
10/5/2020,29.7,29,29.8,29.45,36.31M,2.41%
10/2/2020,29,28.05,29,28,20.26M,3.39%
9/30/2020,28.05,27.05,28.5,27.3,10.80M,3.70%
9/29/2020,27.05,27,27.3,26.95,16.53M,0.19%
9/28/2020,27,27,27.2,27,14.66M,0.00%
9/25/2020,27,26,27.2,26.3,7.94M,3.85%
9/24/2020,26,25.5,26.5,25.95,51.73M,1.96%
9/23/2020,25.5,25.4,26,25.45,19.08M,0.39%
9/22/2020,25.4,25.4,25.45,25.35,20.33M,0.00%
9/21/2020,25.4,25.35,25.4,25.25,5.60M,0.20%
9/18/2020,25.35,25,25.35,25,4.79M,1.40%
9/17/2020,25,24.95,25.05,24.9,20.29M,0.20%
9/16/2020,24.95,24.85,25,24.8,4.66M,-0.80%
9/15/2020,25.15,25.1,25.15,25,46.29M,0.20%
9/14/2020,25.1,25,25.15,25,29.56M,0.40%
9/11/2020,25,24.75,25,24.8,6.70M,1.01%
9/10/2020,24.75,24.3,24.8,24.25,9.03M,1.85%
9/9/2020,24.3,24.3,24.55,24.1,24.89M,0.00%
9/8/2020,24.3,25.9,25.9,24.3,8.18M,-6.18%
9/7/2020,25.9,26.55,26.7,25.9,7.15M,-2.45%
9/4/2020,26.55,25.7,26.9,26,24.38M,3.31%
9/3/2020,25.7,25.65,25.7,25.65,6.50M,0.19%
9/2/2020,25.65,25.6,25.65,25.4,5.67M,0.20%
9/1/2020,25.6,25.5,25.75,25.5,10.92M,0.39%
8/31/2020,25.5,25.4,25.55,25.45,10.04M,0.39%
8/28/2020,25.4,25.2,25.4,25.25,5.18M,0.79%
8/27/2020,25.2,25.05,25.2,25.05,3.52M,0.60%
8/26/2020,25.05,25,25.05,25,6.37M,0.20%
8/25/2020,25,25.2,25.15,25,4.81M,-0.79%
8/24/2020,25.2,25.1,25.3,24,12.93M,0.40%
8/21/2020,25.1,25.25,25.8,25,16.15M,-0.59%
8/20/2020,25.25,25.2,25.25,25.2,29.94M,0.20%
8/19/2020,25.2,24.9,25.25,24.95,8.03M,1.20%
8/18/2020,24.9,24.85,24.9,24.75,35.29M,0.20%
8/17/2020,24.85,24.9,24.85,24.8,19.03M,-0.20%
8/14/2020,24.9,24.8,24.9,24.8,41.76M,0.40%
8/13/2020,24.8,24.85,24.85,24.8,12.53M,-0.20%
8/12/2020,24.85,24.8,24.9,24.8,66.25M,0.20%
8/11/2020,24.8,24.55,24.85,24.45,25.28M,1.02%
8/10/2020,24.55,24.35,24.8,24.4,13.98M,0.82%
8/7/2020,24.35,23.75,24.45,23.8,27.17M,2.53%
8/6/2020,23.75,23.6,23.8,23.7,13.16M,0.64%
8/5/2020,23.6,23.15,23.65,23.2,9.09M,1.94%
8/4/2020,23.15,22.85,23.15,22.95,7.61M,1.31%
8/3/2020,22.85,22.5,22.95,22.5,18.17M,1.56%
7/29/2020,22.5,22.6,22.55,22.5,10.87M,-0.44%
7/28/2020,22.6,23.3,22.6,22.4,8.45M,-3.00%
7/27/2020,23.3,21.65,23.3,21.8,8.98M,7.62%
7/24/2020,21.65,21.5,21.75,21.6,5.66M,0.70%
7/23/2020,21.5,21.55,21.6,21.5,11.67M,-0.23%
7/22/2020,21.55,21.5,21.65,21.5,9.51M,0.23%
7/21/2020,21.5,21.5,21.8,21.5,14.40M,0.00%
7/20/2020,21.5,21.5,21.75,21.5,36.97M,0.00%
7/17/2020,21.5,22,22,21.4,7.24M,-2.27%
7/16/2020,22,21.5,22,21.8,3.89M,2.33%
7/15/2020,21.5,21.3,21.5,21.3,7.14M,0.94%
7/14/2020,21.3,22,21.95,21,10.40M,-3.18%
7/13/2020,22,22.45,22.35,21.9,9.75M,-2.00%
7/10/2020,22.45,22.75,22.7,22.3,4.60M,-1.32%
7/9/2020,22.75,22.5,22.85,22.5,23.58M,1.11%
7/8/2020,22.5,21.05,22.5,21.5,18.17M,6.89%
7/7/2020,21.05,21,21.05,20.95,19.72M,0.24%
7/6/2020,21,20.8,21.5,20.95,60.47M,0.96%
7/3/2020,20.8,20.7,21,20.6,29.15M,0.48%
7/2/2020,20.7,21.85,21.6,20.7,21.09M,-5.26%
7/1/2020,21.85,22.05,22.05,21.8,7.21M,-0.91%
6/30/2020,22.05,22.35,22.4,22.05,5.06M,-1.34%
6/29/2020,22.35,22.7,22.6,22.35,17.83M,-1.54%
6/26/2020,22.7,22.7,22.75,22.7,38.31M,0.00%
6/25/2020,22.7,22.7,22.75,22.55,5.08M,0.00%
6/24/2020,22.7,22.75,22.9,22.7,4.46M,-0.22%
6/23/2020,22.75,22.75,22.8,22.55,11.17M,0.00%
6/22/2020,22.75,23.15,23.15,22.75,11.35M,-1.73%
6/19/2020,23.15,23.1,23.4,23,12.12M,0.22%
6/18/2020,23.1,23,24.35,23.1,29.40M,0.43%
6/17/2020,23,23.6,23.6,23,43.67M,-2.54%
6/16/2020,23.6,23.6,23.9,23.5,11.52M,0.00%
6/15/2020,23.6,24,24,23.5,14.38M,-1.67%
6/11/2020,24,24.2,25,24,81.21M,-0.83%
6/10/2020,24.2,24.05,24.3,24.05,69.41M,0.62%
6/9/2020,24.05,24.1,24.25,24.05,7.06M,-0.21%
6/8/2020,24.1,23.9,24.9,23.9,22.88M,0.84%
6/5/2020,23.9,24.5,24.2,23.9,17.16M,-2.45%
6/4/2020,24.5,25,25.1,24.5,18.74M,-2.00%
6/3/2020,25,25.1,25.15,24.9,42.40M,-0.40%
6/2/2020,25.1,24.55,25.3,24.85,40.45M,2.24%
6/1/2020,24.55,24,24.6,24.5,36.17M,2.29%
5/29/2020,24,24.4,24.6,24,36.95M,-1.64%
5/28/2020,24.4,24.85,25,24.2,23.49M,-1.81%
5/27/2020,24.85,23.75,25.1,23.75,62.69M,4.63%
5/22/2020,23.75,24,23.9,23.5,11.88M,-1.04%
5/21/2020,24,23.85,24,23.8,32.00M,0.63%
5/20/2020,23.85,23.3,24.1,23.4,31.07M,2.36%
5/19/2020,23.3,22.75,23.55,22.9,41.89M,2.42%
5/18/2020,22.75,22.5,22.8,22.5,15.27M,1.11%
5/15/2020,22.5,22,22.6,22.45,29.82M,2.27%
5/14/2020,22,21.45,22,21.6,24.62M,2.56%
5/13/2020,21.45,21,21.45,21,1.87M,2.14%
5/12/2020,21,21,21.4,21,14.97M,0.00%
5/11/2020,21,21.95,21.95,21,27.69M,-4.33%
5/8/2020,21.95,22.5,23,21.95,27.16M,-2.44%
5/7/2020,22.5,22.95,22.6,21.9,54.88M,-1.96%
5/6/2020,22.95,21,23.1,21.95,45.88M,9.29%
5/5/2020,21,21,21.05,20.95,54.29M,0.00%
5/4/2020,21,21,21,20.95,44.53M,0.00%
4/30/2020,21,21.1,21.1,21,36.13M,-0.47%
4/29/2020,21.1,21,21.25,21,22.33M,0.48%
4/28/2020,21,20.5,21,20,19.07M,5.00%
4/27/2020,20,19.3,20,19.1,11.75M,3.63%
4/24/2020,19.3,18.9,19.3,18.9,51.40M,2.12%
4/23/2020,18.9,18.6,19,18.9,13.56M,1.61%
4/22/2020,18.6,18.35,19.05,18.5,25.77M,1.36%
4/21/2020,18.35,19.9,19.5,18.35,24.44M,-7.79%
4/20/2020,19.9,20.8,21,19.9,51.79M,-4.33%
4/17/2020,20.8,20.5,21.35,20.65,32.85M,1.46%
4/16/2020,20.5,21.9,21.6,20.1,26.28M,-6.39%
4/15/2020,21.9,20.45,21.9,20.45,36.77M,7.09%
4/14/2020,20.45,18.85,20.6,19,19.66M,8.49%
4/9/2020,18.85,18.3,19,18.6,31.62M,3.01%
4/8/2020,18.3,18,18.4,18,102.24M,1.67%
4/7/2020,18,17.85,18.15,18,161.05M,0.84%
4/6/2020,17.85,17.6,18.3,17.85,55.66M,1.42%
4/3/2020,17.6,17.3,18.05,17.3,43.56M,1.73%
4/2/2020,17.3,17.55,17.7,17.25,34.18M,-1.42%
4/1/2020,17.55,17.7,17.85,17.5,22.25M,-0.85%
3/31/2020,17.7,17.9,18,17.7,16.87M,-1.12%
3/30/2020,17.9,18.45,18.05,17.85,15.80M,-2.98%
3/27/2020,18.45,18,19.5,18.45,54.27M,2.50%
3/26/2020,18,17.1,18,17.4,7.77M,5.26%
3/25/2020,17.1,16.9,17.5,16.95,49.68M,1.18%
3/24/2020,16.9,16.75,18,16.7,78.90M,0.90%
3/23/2020,16.75,18.6,17.05,16.75,63.27M,-9.95%
3/20/2020,18.6,18.3,18.6,17.9,35.72M,1.64%
3/19/2020,18.3,18.4,18.5,17.55,100.71M,-12.44%
3/18/2020,20.9,20,20.9,19.35,177.75M,6.63%
3/17/2020,19.6,19,19.75,19.45,131.06M,3.16%
3/16/2020,19,19,19.5,18.9,137.23M,0.00%
3/13/2020,19,18.1,19.2,18,162.15M,4.97%
3/12/2020,18.1,19.9,19.8,18,62.18M,-9.05%
3/11/2020,19.9,18,20,18,385.18M,-0.25%
3/10/2020,19.95,19.95,19.95,19.95,54.52M,-9.93%
3/9/2020,22.15,22.15,22.15,22.15,15.21M,-9.96%
3/6/2020,24.6,24.9,24.85,24.3,43.95M,-1.20%
3/5/2020,24.9,24.6,25.7,24.8,75.79M,1.22%
3/4/2020,24.6,24.5,25,24.6,24.83M,0.41%
3/3/2020,24.5,22.7,24.9,23.5,83.13M,7.93%
3/2/2020,22.7,23.8,23.8,22.5,93.69M,-4.62%
2/28/2020,23.8,26.4,25,23.8,96.01M,-9.85%
2/27/2020,26.4,27,27,26.4,35.62M,-2.22%
2/26/2020,27,26.8,27.05,27,6.79M,0.75%
2/25/2020,26.8,26.9,27,26.8,38.74M,-0.37%
2/24/2020,26.9,27.95,28.3,26.9,177.13M,-3.76%
2/21/2020,27.95,28,29,27.95,9.11M,-0.18%
2/20/2020,28,28.4,29,27.6,56.30M,-1.41%
2/19/2020,28.4,28.85,28.55,28.4,79.35M,-1.56%
2/18/2020,28.85,29,29,28.85,17.07M,-0.52%
2/17/2020,29,29.9,29.9,29,12.42M,-3.01%
2/14/2020,29.9,30.85,30,29.9,1.78M,-3.08%
2/13/2020,30.85,29,30.85,29.5,2.52M,6.38%
2/12/2020,29,29,29.1,29,46.05M,0.00%
2/11/2020,29,29.3,29.5,29,41.43M,-1.02%
2/10/2020,29.3,29.5,29.3,29.3,2.69M,-0.68%
2/7/2020,29.5,30,30.8,29.5,76.80M,-1.67%
2/6/2020,30,29.1,31,30,5.27M,3.09%
2/5/2020,29.1,29,29.4,29,13.62M,0.34%
2/4/2020,29,29.4,29,29,13.27M,-1.36%
2/3/2020,29.4,30,29.5,29,35.82M,-2.00%
1/31/2020,30,31,30.7,30,26.30M,-3.23%
1/30/2020,31,30.1,31,30,75.73M,2.99%
1/29/2020,30.1,31,30.65,30,24.34M,-2.90%
1/28/2020,31,32.1,31.1,30.5,15.12M,-3.43%
1/27/2020,32.1,32.1,32.2,32.1,26.67M,0.00%
1/24/2020,32.1,32.1,32.2,32.1,34.31M,0.00%
1/23/2020,32.1,32.2,32.35,32.1,15.99M,-0.31%
1/22/2020,32.2,32.2,32.4,32.1,26.46M,0.00%
1/21/2020,32.2,34,33.85,32.2,9.36M,-5.29%
1/20/2020,34,33.5,34.4,33.5,33.60M,1.49%
1/17/2020,33.5,32.35,33.5,32.25,12.59M,3.55%
1/16/2020,32.35,31.8,32.6,31.8,17.21M,1.73%
1/15/2020,31.8,31.6,31.8,31.7,6.06M,0.63%
1/14/2020,31.6,31.5,31.6,31.5,15.72M,0.32%
1/13/2020,31.5,31.95,31.95,31.2,18.17M,-1.41%
1/10/2020,31.95,32.55,32.5,31.45,13.98M,-1.84%
1/9/2020,32.55,31.25,32.95,31.4,18.83M,4.16%
1/8/2020,31.25,30.5,31.7,30.5,21.69M,2.46%
1/7/2020,30.5,31,31.05,30.5,17.58M,-1.61%
1/6/2020,31,30.1,31,30.65,19.03M,2.99%
1/3/2020,30.1,29.2,30.1,29.2,17.67M,3.08%
1/2/2020,29.2,29.7,29.6,29.15,18.90M,-1.68%
